marques,count
vaper,1
first,259
shiseido,3
mobil,97
after,73
blunt,123
rogaine,4
dickies,30
ignition,13
this,95
norpro,1
bilstein,1
incase,3
schumacher,26
whiskas,15
sandisk,7
macmillan,3
kotex,2
equus,13
imax,3
lambretta,10
divx,95
masters,252
ripple,129
restoration,6
hauck,5
pingping,27
stokke,1
eveready,8
connected,6
origins,4
colonial,75
xbox,239
toastmaster,2
compass,108
keds,15
spencers,8
ultima,197
giant,234
think,123
evolution,125
ambiguous,1
dittos,5
architect,46
capcom,78
tucks,1
alcon,9
dessy,3
bodum,2
hohner,13
falcone,16
rothschild,3
peachtree,7
horny,1357
adventure,72
mosquito,53
anac,6
corn,129
skechers,6
kickers,20
busted,139
tick,61
feline,84
scoop,86
capezio,2
tocca,2
biljac,1
kway,2
stoner,221
whamo,1
solitude,87
asics,12
citron,59
papo,31
calico,154
silhouette,2
moebius,27
jansport,19
filson,1
joujou,11
tyte,1
ducks,159
selsun,2
vermonte,2
bogner,11
plouf,4
ironman,602
peavey,64
firefly,265
directed,2
marshmallow,7
playtex,7
scandinavian,43
bike,224
topics,8
blanc,33
dark,650
felpro,2
donkey,759
educa,1
eukanuba,2
hooter,168
dewalt,76
punch,99
frette,1
debrox,1
hannspree,4
apostrophe,3
wizards,86
mixit,2
bitten,18
miss,140
carnival,88
danskin,4
katydid,17
cover,52
outland,21
niteline,1
lyons,19
haier,2
phonex,2
rayban,26
bikkembergs,1
northwest,10
aquascutum,1
undefeated,2
copco,7
roku,7
lokar,5
painless,27
wahl,3
altra,2
pollys,14
bertini,6
hario,3
microsoft,339
whim,4
momiji,5
puppy,362
bargain,26
solar,120
fppf,1
jolt,12
greenies,4
nutone,2
capstar,1
cartoon,192
trunk,29
altru,2
crossroads,7
xerox,80
clausen,12
dremel,5
salon,38
marchesa,2
puppies,201
huit,1
antica,3
motorhead,29
under,131
ellas,9
nautilus,94
panhandle,1
hearts,271
behnaz,2
dainese,5
cacique,19
motorcycle,24
torrid,18
saddlebred,1
rothco,3
omnisky,1
rubies,31
running,199
axxess,7
eclectic,17
canari,12
funko,1
primetime,56
villager,10
stop,213
loro,10
tyco,14
lole,5
ataglance,1
lexmark,239
logik,3
bumbo,4
polder,8
moose,783
westwood,136
tomtom,364
dollhouse,9
cetaphil,1
lawman,68
sklz,2
japanese,148
steadfast,3
cremo,1
maxfli,57
chopard,3
lamisil,4
hills,62
paper,243
stabil,4
root,204
kaktus,268
coolmax,1
hasbro,28
rabbit,1259
lawnboy,26
buckle,44
exact,9
senseo,3
centro,17
montezuma,7
gitano,16
travelin,4
advanced,61
fluid,18
upper,24
swix,7
peaceable,1
oxbow,10
yepp,6
hourglass,7
fresh,251
croft,43
grasslands,1
futura,57
weekend,75
craftsman,5
dreambaby,1
shimera,1
primark,1
redington,1
razer,35
europro,1
sugoi,6
slinky,152
amsoil,3
bills,139
svan,6
cockpit,11
revolt,46
analog,73
sasson,3
catmouse,3
euro,154
renew,18
marineland,1
yigal,2
kiton,1
goldberger,1
knocker,40
roller,274
mighty,211
undergear,1
verbatim,250
lite,85
aspeed,1
gilligan,83
madame,29
bubble,416
bernini,8
recaro,8
pogo,88
rancho,40
harleydavidson,8
powertrain,1
maurices,3
haggar,10
volcom,155
lobster,291
proclub,1
gojo,9
zobo,1
xcvi,1
palm,64
claudias,3
olay,14
davids,188
goldenrod,3
form,59
ravensburger,1
carefree,43
piedmont,36
yummy,185
nippon,55
choppers,54
rasco,9
bowery,9
hedman,2
monster,1611
unit,88
gonesh,1
memorex,163
dyse,1
maxtor,55
etch,4
eighty,78
peanut,1527
metal,447
refined,2
schrader,5
bongo,185
icandy,5
beechnut,8
vitamin,107
fellini,26
line,139
fornarina,1
high,235
outdoor,30
sebamed,2
xtra,10
quinny,9
highlander,100
team,221
steck,3
hardwood,71
dethrone,2
dunhill,76
pert,10
crooks,15
acropolis,4
digital,809
kettler,8
clubbing,13
interactive,3
colgate,60
cheetah,185
wonka,36
serta,2
elenco,5
tervis,2
donnybrook,2
request,63
yanuk,9
cabernet,71
roundtree,2
nascar,1712
dragonfly,83
status,94
glide,38
storybook,1
samsung,1804
brunello,11
titleist,192
hanes,5
string,167
dscp,2
frankies,10
mainstreet,7
paradigm,83
aeronautica,1
fluxus,3
duracell,50
gran,44
chefs,5
pony,243
atmosphere,4
scope,28
homelite,1
volts,11
whistle,39
primula,11
plus,143
rugg,5
planet,355
jigsaw,66
edun,3
small,195
optima,66
gaggia,1
boys,219
friends,688
sound,192
turnbull,13
allegri,2
basic,116
precor,4
loudmouth,3
papell,1
labor,15
hustler,323
fila,37
good,752
cambio,9
cornerstone,9
avent,1
thrush,15
dreft,1
cascade,114
klutz,6
mikasa,29
sennheiser,10
berkshire,11
flying,168
greenlight,10
playmates,2
shure,14
honolua,3
fraggle,70
kleenex,55
cardinal,407
bestest,7
basta,47
larok,2
psycho,543
koman,3
toddler,16
bandai,7
tokidoki,2
mountain,726
eidos,10
panasonic,255
eagles,1631
nishik,2
rockstar,394
toscano,15
topps,14
dsquared,8
directv,6
listerine,3
double,239
tehama,4
yesterdays,1
trespass,29
slazenger,7
command,207
ekids,1
tork,10
luvs,7
twin,141
certain,19
lorenzini,1
ladies,328
velcro,50
dapple,11
caffe,2
minute,56
temperley,2
odille,1
stott,3
advent,96
finishing,2
whirlpool,1
outer,11
blip,21
zoom,178
jumping,43
hydraulic,3
whole,15
elegant,29
motor,163
swami,36
jcpenney,5
cocacola,948
earache,3
zoot,10
reach,24
united,921
troxel,2
castrol,17
tears,32
unico,11
teach,55
blauer,2
ingear,1
amazon,239
clean,120
ghast,2
puffs,5
screen,126
gorilla,284
anzo,2
akzonobel,3
bayview,38
aigle,9
ogilvie,7
dolfin,34
athlete,37
evinrude,10
sealed,11
bulova,38
evolve,33
charbroil,1
fossil,287
warehouse,19
label,37
clearly,5
tumi,4
pacon,1
noodle,207
excalibur,103
dandelion,18
norelco,2
mechanics,5
polycom,5
boogie,549
sharpie,78
bounce,135
tsss,3
klipsch,21
grane,1
plains,15
bissell,3
uglydoll,1
tools,111
noxzema,2
contour,63
nerf,30
accessory,1
proform,4
quartet,21
sporn,1
inone,2
breath,69
showtime,225
crave,45
jungle,378
superdry,2
allsaints,13
sass,45
thermos,8
nutro,3
sachs,9
whisker,11
chicos,30
quacker,19
fantasma,28
peck,32
meow,133
childrens,1
zimmerman,19
kordon,4
spies,11
iceberg,121
casual,69
cutters,6
kiss,650
tint,13
independent,36
marmot,39
sock,47
enro,1
anama,10
continuum,3
mcdavid,1
ridata,1
citizens,10
sensible,11
ideology,1
hugga,1
refresh,40
hyper,105
mango,290
canker,4
perler,2
mopar,216
chevrolet,120
viewsonic,148
erector,7
shenanigans,2
regatta,19
babys,18
archaic,6
cool,1266
preswick,1
hair,108
flashback,4
professional,48
amalfi,10
black,1928
safco,1
soft,98
wink,50
partners,46
arnott,9
mustela,3
diamondback,2
nygard,2
daze,21
grays,4
freeze,163
jille,1
carters,6
calinia,6
valco,1
hickey,31
conair,31
alife,8
realtree,10
sakar,1
street,463
bushwacker,9
begin,44
winners,93
thrustmaster,3
color,131
vtech,16
lever,52
amsale,1
wowwee,6
playdoh,9
save,70
attends,9
pitr,1
crazart,1
framed,19
peanuts,270
aeroquip,1
gallery,56
chuckit,4
curiousity,2
ohio,129
wolo,1
matchbox,79
endless,47
westclox,8
midway,133
zukes,1
coldwater,4
felon,10
superfeet,1
fang,182
social,60
maker,80
teac,8
salvage,20
dozer,95
logitech,494
material,37
triboro,1
vigoss,1
peoples,45
pixar,11
bards,1
smarties,36
yada,5
carrom,2
hello,3167
neca,12
quiksilver,23
fratello,4
safe,91
brylcreem,1
hori,15
usaf,72
lambs,7
ultras,60
rsvp,9
wonderworld,1
bullseye,127
vertically,1
velocity,77
walls,27
disco,218
necessary,2
brainstorm,11
kinetix,6
kair,8
friskies,6
design,408
panache,54
neater,1
timing,35
waters,290
kats,44
fatboy,441
evenflo,2
uncle,99
cabin,62
nenuco,3
riff,27
stages,7
trademark,6
youngblood,13
ungaro,3
scurl,2
bejeweled,1
foxcroft,4
self,21
pegasus,423
windlass,5
fairway,52
bananafish,3
weavers,3
trench,30
arms,18
frogger,218
greased,3
hard,595
academy,56
karlsson,15
pedigree,33
microtek,9
mission,325
tivo,3
earths,7
snapon,164
benetton,25
entrega,1
surf,350
roar,45
chann,5
bounty,129
carnoustie,1
timex,67
ripcurl,42
creme,12
alltrade,1
socket,38
religion,24
thorley,2
perception,5
crabtree,24
fast,404
yoga,28
charms,49
taylormade,12
renuzit,3
margaritaville,1
misook,1
schleich,4
smart,272
palmers,11
lipper,22
skullcandy,4
proto,27
nordstrom,5
skidders,2
kappa,188
citrus,63
groovin,16
patagonia,7
stinky,505
voom,2
swatch,66
squatchi,1
skinny,206
dezabi,1
east,203
yamaha,1322
flush,53
similac,1
spitfire,519
superfine,2
emerica,52
mixie,2
sticke,1
everlast,94
quality,253
cloyes,1
comic,82
tech,338
educational,1
bullhead,29
noir,28
motions,4
bumble,94
feral,16
condition,25
sure,72
goretex,6
ninety,42
bulwark,13
sanctuary,20
bestever,11
gunne,16
entertainment,13
danier,2
smet,7
flow,92
dansk,5
bullfrog,122
ball,502
escort,365
mueller,65
redbarn,10
cardscan,1
bamboo,125
belltech,1
designer,168
bloch,8
trussardi,1
dynomax,2
cargo,35
avenue,107
prell,1
magellan,80
club,232
marker,142
revue,2
hidden,204
haspel,2
close,121
scholastic,2
sprout,90
trim,27
cabi,3
dakine,58
grandma,204
protec,18
bravissimo,4
miele,12
pork,73
aquafresh,1
etiquette,3
mirro,2
riders,88
heavy,119
qsee,2
inner,19
allclad,1
globe,71
bornfree,23
optimum,23
belstaff,1
salton,4
nulo,4
mexx,15
attitude,127
falke,14
vital,94
hylands,1
shout,21
commonwealth,4
blistex,8
angels,1126
hyperlite,10
byer,4
starbucks,65
explorer,603
golla,4
gamer,199
allsop,160
girbaud,2
vaseline,46
nikon,157
charter,113
deco,31
etnies,49
bigen,6
trend,25
playmobil,4
kanka,8
raisins,12
kikit,3
ultra,237
krups,1
borrelli,7
bluedevil,20
healthy,37
entree,15
parasuco,2
toys,65
littlest,1
gund,3
animal,772
step,193
genone,3
isomil,1
house,785
brite,3
tfal,1
cuckoo,34
coastal,26
belkin,91
pyrex,11
flexon,2
abercrombie,15
make,57
rare,35
mothers,80
creativity,3
jeep,750
fifth,30
tapout,35
medicom,3
otterbox,1
junk,169
chica,73
universal,119
splash,203
last,100
barbour,8
foursquare,2
delphi,157
consort,10
speedo,137
notify,5
vesuvio,2
brut,16
epson,103
edelmann,2
original,130
ghost,702
silly,209
akoo,1
monopoly,184
creative,734
starting,18
umbro,21
partylite,3
bravado,21
cutie,183
stitches,19
bugaboo,30
iplay,3
purina,13
ashworth,11
kswiss,26
murano,23
grand,258
acdelco,6
briefly,1
demarini,6
fram,20
astroglide,2
right,163
thule,10
burts,5
akademiks,1
round,62
streetwise,3
sledge,61
snark,22
sharpe,78
isda,3
hybrid,84
three,256
invent,21
crest,43
language,42
progressive,12
spectrum,182
completely,1
laserline,4
xtreme,211
toes,86
executive,21
monsoon,65
reverb,36
degree,64
binks,23
drunknmunky,1
dries,5
koosh,4
bagatelle,1
frontline,20
indah,4
tike,7
burn,135
pampers,42
speck,25
gravis,63
ermenegildo,1
miskeen,1
zanetti,11
vicks,3
pioneer,381
firepower,4
twelfth,4
lagence,1
cushion,14
body,132
farallon,1
saeco,5
just,142
airhead,37
emachines,41
billabong,76
prevue,8
denta,7
adrenaline,33
caslon,3
unisol,11
character,19
gitman,3
racor,1
profile,66
enchanted,8
topshop,5
idea,32
nuts,172
enjoi,17
orbit,76
venum,5
village,150
assets,16
allergan,1
rewind,63
hammersley,1
holst,7
crown,115
pillow,199
dubble,4
curls,6
bayer,35
hoosier,151
vivid,124
swedish,75
barrons,7
scully,379
sullen,9
gunk,8
skins,119
gopro,4
stiga,9
head,483
spin,94
windex,38
endeavor,18
cavi,5
hype,32
evil,282
triangl,10
pussers,2
tampax,4
late,40
siwy,6
refac,1
nurtured,1
axcess,8
moschino,15
delorme,4
buyers,2
psychedelic,11
tekonsha,2
scosche,1
nair,15
debeer,6
element,444
creations,4
boho,8
point,223
redline,156
dead,445
imking,3
american,417
blooming,21
yummie,26
roundy,8
skywalker,180
rival,29
hammer,1850
motown,78
krazy,45
razor,263
battery,120
tultex,1
babies,208
curve,39
dogeared,1
rack,26
cactus,328
structure,6
instant,79
nambe,1
islander,95
tecmo,5
oster,7
visine,12
sleeping,52
dondup,1
amphibious,1
lonsdale,40
outward,3
vante,1
haribo,50
inhabit,1
dlink,26
cooks,11
hathaway,15
nescafe,33
kanga,21
linksys,23
superlift,2
fabulous,68
nady,52
silkies,4
antique,29
code,246
mcginn,4
attwood,5
consensus,2
cabelas,5
energy,393
asus,143
throwdown,3
motrin,9
staple,49
positive,148
fever,81
wharfedale,1
lucasini,1
acdc,194
rugged,23
flowmaster,3
piccolo,173
threads,11
tilt,20
instep,4
rocawear,25
pali,16
defense,111
sticker,33
laurieb,1
relativity,1
bleacher,14
bouche,22
dogit,4
vixen,94
learning,43
territory,4
fundamental,6
tribal,98
killer,3640
watters,4
leupold,5
sussex,39
asos,3
onkyo,9
bowflex,14
xolo,1
cemb,3
disguise,9
gateway,1517
cellini,8
retrofit,3
recoton,4
pelican,112
security,528
designers,1
botany,14
polar,123
haband,2
britax,1
cowles,7
electric,384
agfa,6
glima,1
gogo,348
chevron,38
chaus,2
auro,8
industrial,9
rockies,111
midol,1
final,119
dymo,1
meccano,2
lapis,10
intel,240
angry,28
tart,30
conservative,3
changes,92
boudreaux,9
tasso,5
medicine,117
authentic,6
fathead,71
discovery,65
samsonite,13
flamingo,178
circa,28
cardone,4
flys,7
genetic,15
slatkin,1
flax,5
weather,236
offi,2
habitual,3
pinnacle,71
liquid,265
kodak,93
puritan,9
spiderman,524
nydj,1
mossy,17
woman,197
pact,4
spectra,41
front,235
reebok,180
capwell,3
rossignol,17
keeper,305
redhead,526
komarov,22
environmental,2
acne,1
wrapper,13
bonfire,46
popsicle,39
advantage,20
wilderness,7
ilive,4
wild,281
laclede,5
triple,166
piaget,5
soprano,114
electronic,23
migi,3
eight,223
active,246
parallel,14
boppy,2
workman,18
bausch,7
acme,64
hook,93
energizer,24
gretsch,40
halmen,1
baci,14
xscape,4
stats,27
presto,165
world,401
baracuta,1
nuby,2
tuthill,2
comp,150
costume,21
nifty,38
goody,87
mongoose,261
blitz,159
milkbone,28
netgear,29
neoteric,4
arrid,2
monkey,4884
cook,139
oracal,2
colosseum,1
psion,34
inov,2
target,434
motel,40
nickelodeon,7
headrush,3
tarte,1
nine,193
cerruti,8
drive,202
casio,176
lampe,16
grenade,34
levels,11
olook,1
hirez,1
lolli,30
budge,30
bulldog,1410
rimmel,3
paragon,87
zadig,1
spense,3
geox,2
breadman,21
hampshire,7
rainforest,14
balboa,71
gotcha,233
primed,5
alpaca,23
designs,22
peppe,91
almay,3
school,769
stonebridge,3
schick,26
jslv,1
xenith,3
uniden,52
hilfiger,50
gear,46
project,171
floppy,160
canvas,24
blackhawk,67
schwinn,45
blac,42
callus,6
torn,18
valcon,2
sorel,10
gunit,89
bungalow,39
umbra,28
schott,40
cadre,14
lorac,11
paradox,254
wallies,5
stack,50
banzai,144
circle,153
descente,1
chauvet,1
insight,83
artful,17
cygnus,113
polaroid,57
game,268
bertolini,2
rockport,33
piano,220
iams,4
excelled,1
feets,20
litter,26
fekkai,1
azzuro,3
zmax,2
roulette,21
expert,112
catit,5
card,180
giddy,6
wacom,10
tradewinds,4
bfree,13
davco,1
bowtie,79
rinse,7
level,181
brookstone,3
greatneck,1
wellness,25
worlds,56
variety,31
pulstar,5
westbound,2
energie,24
ubbi,1
horse,645
bolle,23
tinactin,1
empire,567
champs,271
nizoral,1
midwest,43
nest,31
longitude,3
vaska,22
guard,114
critter,167
balenciaga,1
bardahl,1
talbots,5
scala,7
plenty,29
lixit,1
lavazza,16
piazza,141
kumon,6
zanella,2
monteverde,4
macp,2
sababa,3
lions,251
huffy,8
dalmation,8
motion,110
ubisoft,9
blind,108
squeeze,96
hansa,24
loeffler,2
muzzy,16
technics,172
sons,19
shimano,61
beefeaters,2
petoskey,1
cruel,35
fuda,4
mcfarlane,5
hippie,126
booda,16
kids,266
barbasol,2
simply,61
crocs,1
chemistry,57
moog,28
soffe,1
izod,4
steppin,1
nuance,21
petit,23
recon,185
totes,1
isle,6
snoozer,15
bape,6
purrfect,5
roughrider,6
scotch,192
chronicle,12
canine,63
olympus,95
lexar,7
blaster,409
chadwicks,2
flexi,4
garnier,28
anxiety,22
undercover,30
starter,139
defeet,1
benwin,15
atlantic,178
goldsign,1
sere,21
limited,97
open,525
siemens,378
prada,36
givenchy,9
studio,272
missing,65
grecian,8
wgbh,1
bimini,33
bloomers,15
munchkin,216
silvertab,4
elixir,30
sundog,22
cake,102
live,247
lacoste,92
ports,9
import,52
bored,72
jeje,23
mobi,16
dknyc,1
testament,14
slick,497
concept,55
teeter,20
magazine,106
manzo,2
edelbrock,2
bambo,17
saks,6
carhartt,10
popular,50
cowgirl,88
collective,7
activision,5
tops,32
bassett,57
freshjive,4
heirloom,4
sensodyne,1
ruddock,4
motto,15
organic,44
gumout,1
viper,1374
rubber,274
koala,109
portrait,11
lspace,1
sweater,31
filter,189
domo,25
alegro,1
soulmates,5
lamaze,2
insect,35
delonghi,2
clarks,26
freshpet,2
bayou,31
dreamgirl,16
irobot,11
protege,44
midstate,2
football,4344
rubbermaid,1
goodhealth,2
madewell,1
murina,1
ramones,131
equipment,6
lucasarts,1
doggie,649
road,122
glove,62
teenage,83
cheap,47
duck,447
fitness,207
lifetime,149
rallye,21
crayola,32
howes,4
underscore,5
allstate,54
childcraft,1
devilbiss,1
foot,221
ncaa,14
blackout,116
seagate,44
febreze,3
panama,349
nads,19
leap,15
clubman,10
twisted,203
well,75
frame,93
dockers,33
crazy,883
zodiac,111
flirt,28
moncler,2
kooga,1
chaps,28
crosshatch,1
jwla,2
rotary,68
schmidt,107
aubade,4
prevail,19
route,214
winning,44
bully,91
zinke,1
singing,43
endust,6
solvit,1
fashion,188
bvlgari,18
preval,1
cocomo,19
papillon,83
sealy,7
ektelon,5
harrow,25
shock,207
techno,360
longaberger,1
brads,5
takeout,16
tupperware,1
full,68
aussie,271
bearing,20
badash,2
suit,26
underground,95
sentry,78
coobie,3
manic,50
tiglio,1
pronto,63
surfside,16
kersh,2
mackage,1
sport,441
mova,1
macho,92
burnside,28
moom,42
igloo,39
veet,2
loco,282
gstar,2
hint,6
mates,13
knights,248
golds,17
ronco,6
elmers,18
speechless,3
pulse,47
schrade,1
sherpa,50
riddell,8
calgon,9
zero,477
pounce,24
innova,19
refuge,7
jobst,1
jagermeister,1
germ,22
camelbak,2
minecraft,632
gymboree,1
slime,33
innovation,3
keepsake,15
remain,5
petsmart,8
galliano,6
snuggie,4
jakks,1
alore,1
simple,681
play,387
coates,36
lullaby,20
lets,24
vintage,120
maisto,3
kenar,3
maje,5
vocal,10
sferra,1
hypo,11
bikini,210
scoots,33
wrap,9
filodoro,1
revlon,12
etcetera,6
chroma,13
regalo,3
ditch,20
smartcat,1
faultless,2
living,125
moms,20
entity,11
dorling,2
trudeau,6
local,147
sleep,155
masquerade,10
misfits,130
wilsons,3
innovative,5
leggs,24
affliction,2
investments,1
mimo,26
wish,61
aveeno,4
actron,3
krylon,6
interact,30
lees,17
ktool,1
back,193
gamo,8
acrobat,59
eastern,122
glofish,2
oshi,2
prestone,4
covergirl,1
blizzard,400
rocksmith,1
ttech,1
merona,3
together,121
bushnell,13
nostalgia,2
barneys,4
fubu,49
ihome,1
nexxus,22
bruder,26
chaser,187
skin,136
dualit,1
lenovo,55
aquaphor,1
lowrance,1
ring,131
elope,4
dooney,15
tibi,14
floam,1
rockmount,1
measure,19
total,105
coogi,4
sparkling,2
descendant,1
tenpoint,7
playstation,152
mattel,10
machine,374
enfamil,1
sega,185
district,36
intex,13
faded,9
luli,8
bogs,4
bivona,1
swheat,2
hyperion,147
moth,38
grote,7
sinister,114
crushed,29
savile,1
blink,799
rapid,77
maternal,2
unik,8
century,145
iluv,49
fidelity,66
rental,53
crocodile,35
dazzle,69
pottery,30
carmex,128
skamper,8
benefit,22
jacana,1
primitive,8
tassimo,1
lazy,68
grundig,21
goodie,84
forplay,20
needa,4
brandini,2
brake,20
stye,1
brash,6
dazey,1
readers,64
reunion,24
anvil,38
masons,27
stamina,29
imation,108
footjoy,6
zeasorb,1
brunton,6
extreme,472
home,765
versus,47
belly,142
solutions,20
archipelago,2
sketchers,1
thread,22
lectro,1
lladro,3
cargoloc,1
targus,12
bebop,78
starmark,1
poise,16
prana,13
oilily,1
roush,19
tommee,2
riverridge,1
bonjour,248
gimmick,11
zyxel,15
pharos,3
saucony,13
cipo,2
ganz,6
cycle,89
yeti,42
thrive,13
custo,5
srixon,2
syba,2
altec,110
ectaco,1
sensory,5
viking,1086
pirates,309
pets,26
select,221
prestige,57
decree,5
chouinard,1
eiger,13
robe,59
kustom,10
tail,51
mammut,13
natures,3
zinc,13
essentials,2
nuage,3
burberry,22
cisse,3
saitek,32
pokemon,1266
marimekko,2
attention,14
chromo,1
firstline,5
chicco,75
camper,157
peruvian,13
daddario,3
chestnut,99
precision,15
technical,17
stamped,7
especially,3
millers,31
sheer,19
maxam,4
kakadu,47
office,321
chalk,22
propper,1
fluval,4
pelle,71
twenty,221
chocolove,1
classic,469
bandaid,29
banana,1348
advance,90
tidy,5
archos,6
diadora,20
babi,39
purple,1572
georgiou,2
airwalk,40
trex,77
lands,15
uncommon,3
sharp,178
lodge,41
compaq,1377
daymor,1
proking,1
delias,3
poof,16
generic,118
destination,11
magnavox,43
kyocera,21
halogen,41
cello,55
sharper,20
siviglia,1
mafioso,21
clear,69
harajuku,3
lamarque,1
captiva,28
impact,114
shabby,23
movado,29
aroma,18
southwestern,3
bunn,22
bullock,55
optifree,2
pacific,303
garmin,15
perceptions,1
pine,126
trader,246
dupont,146
insignia,21
coaster,68
teton,17
fujifilm,65
babolat,22
athletic,50
popcap,3
trico,5
fixodent,1
motorola,473
pasta,111
photo,339
papi,90
bumkins,2
erazor,2
colic,1
band,110
africas,1
skittles,247
fifa,277
huggies,25
gearbox,25
laundry,39
mombo,7
montage,17
tictactoe,2
groovy,272
blank,104
godog,1
alternative,29
privilege,4
secure,183
vans,43
ijam,1
victorinox,1
sizzlin,14
steiff,2
harolds,4
ambiance,7
juiceman,21
international,29
desigual,1
moonar,2
bridgestone,3
murine,1
chetta,6
kidz,20
craft,92
kikis,6
pressman,19
custom,184
ronix,1
sour,16
each,11
ingenuity,1
gamma,222
downy,5
jugs,29
foundry,9
etro,3
kidde,3
complete,87
tangents,1
mamas,67
wean,1
aeropostale,3
onstream,2
comme,3
splat,44
tablet,9
breakwater,1
airflow,8
vortech,15
heritage,106
blast,133
rave,102
city,241
prime,192
trends,7
greenleaf,8
zutano,1
delong,14
colebrook,3
country,366
pineapple,122
easel,8
nars,5
taboo,52
reusch,4
moroso,5
automotive,5
basketball,453
sauvage,5
fanatics,3
woot,19
opening,14
astr,16
indera,1
lanvin,11
national,203
balmain,6
stussy,44
corsa,54
report,100
hama,24
replogle,2
gatorade,113
splendid,61
golf,1590
frogg,21
gildan,1
nursery,19
dingo,189
next,109
dkny,38
oreilly,10
brinca,4
dreamworks,10
jockey,112
aiptek,5
chequer,2
stride,18
topman,39
koppen,8
marucci,2
bayco,2
sievers,3
guerlain,5
frye,21
kroon,2
bugle,20
toms,37
nearly,6
mitsubishi,45
tide,81
eforce,2
wolverine,268
bechamel,3
pennzoil,8
moving,37
super,1585
vantage,65
emporio,12
leading,13
ludens,2
gucci,135
primp,7
nuova,2
scandia,3
westline,1
bump,47
psyclone,3
sozo,1
brica,2
ferre,20
lunati,5
virgo,200
filthy,202
tomco,3
almost,48
postit,32
smythe,18
fourstar,15
swim,129
bazooka,71
fatal,71
peak,30
lancome,8
famosa,4
ouya,1
gilly,55
turtle,1026
accel,4
heel,48
labtec,206
nintendo,631
sesame,266
arcteryx,4
pampered,4
kibbles,15
marcato,1
pucci,18
whistler,82
combi,3
unionbay,1
winterland,2
wesc,1
mackintosh,4
tree,342
nomis,47
dope,82
lululemon,3
tribest,1
update,46
tommo,18
umax,5
global,373
zegna,3
spyder,311
advil,10
pentair,1
elements,72
bench,68
coach,249
wesco,6
wedgwood,6
mind,71
cruiser,181
carducci,2
rizzy,1
single,450
google,727
swing,107
chinese,109
keys,103
aggressive,6
mommys,19
compound,24
naked,451
ballet,93
pass,3957
geiger,22
sideout,29
wifi,8
diaper,82
daytrip,11
auto,207
mambo,109
interex,45
modern,100
juicy,154
bars,105
signature,24
shift,87
spiegel,39
tylenol,20
melling,1
mechanix,4
jnco,13
totally,47
bearpaw,5
bendix,21
antigua,38
scientific,3
blumarine,2
graco,3
clique,19
lunaire,4
necco,1
agan,6
alpinestars,5
stain,32
valvoline,10
icon,49
delkin,1
meaty,16
flexible,102
bisou,14
antik,13
sinful,63
pure,50
coed,6
hape,3
penguin,680
quaker,71
context,8
diono,1
caterpillar,24
pavilion,345
apparel,1
byblos,8
authority,13
mulberry,34
sheplers,1
restore,20
yeast,5
only,89
gossard,9
grass,118
nespresso,1
quantum,177
mudd,33
tonner,7
clipper,182
very,45
conspiracy,5
lysol,5
natsume,8
pantene,2
kangol,20
suunto,6
bottega,1
impulse,92
zman,62
wacky,31
replay,46
ecco,14
lifter,41
superchips,1
monarchy,8
eucerin,2
avirex,9
plugg,4
sata,41
contigo,3
mikimoto,2
vandor,4
tallow,5
rollerblade,8
touchstone,1
beyond,58
development,11
challenger,32
canali,6
baroni,14
jelly,208
mizuno,81
standox,5
smooth,547
wall,94
nobo,9
bermuda,147
jump,237
cosco,2
kwik,9
moda,21
denso,8
tees,43
thelees,1
konami,26
applica,3
doca,9
roots,49
bachmann,7
sanyo,29
dunlop,75
hayabusa,118
tanners,5
resistol,1
audiovox,8
tadpoles,5
family,838
reference,4
allpower,3
mobo,3
dialogue,4
curtain,28
primal,53
zymox,1
bestar,3
nojo,4
southpole,16
brine,17
xoxo,54
compex,3
curves,30
koss,50
style,129
modo,11
desenex,1
rietveld,1
tickled,17
firetrap,12
steiner,57
chapstick,12
weight,40
icebreaker,5
falls,25
acoustic,39
bally,29
wigwam,24
mitre,16
luvable,3
karaoke,76
lava,55
creature,102
always,338
intrigue,30
swarovski,8
lego,99
bendon,2
zumba,5
gunmetal,9
express,403
beats,19
lonley,14
mundo,22
collections,1
bosch,32
bare,148
veterinarians,1
havoline,3
ameda,1
focus,290
cardi,4
qtips,3
leonardi,4
utex,5
mastermind,59
enesco,1
brute,20
performance,20
plantronics,1
micro,184
kanebo,1
tweeds,7
aspyr,1
vertigo,226
crankshaft,2
springtime,5
bogosse,3
haute,5
impressions,6
safety,259
hallmark,44
tropical,87
foray,5
purell,12
spot,182
bubblegum,63
profound,10
rustler,24
radio,299
arete,20
