villes,count
lesnoy,6
belebey,2
tecate,30
eger,9
bulungur,3
chemno,1
agadir,13
barbacena,1
dedovsk,3
pully,4
bors,5
medicinehat,1
matsudo,2
onitsha,2
courcelles,1
pittsfield,2
huntingtonbeach,1
greve,7
bejucal,1
fussa,3
kagoshima,2
nanjing,8
kobuleti,2
keynsham,3
ashtarak,3
ischia,5
satn,2
leesburg,4
puertopadre,1
herstal,3
aalst,3
shalkar,1
apeldoorn,7
miharu,3
munich,108
plunge,12
yantai,2
lusaka,16
naarden,1
bouar,1
troisdorf,1
renens,1
rasht,1
takikawa,1
gurgaon,6
bartn,2
cruzeiro,22
algorta,1
sesimbra,4
kenmore,15
malazgirt,1
aksay,1
arauca,2
reservoir,9
rostock,17
kotkapura,1
azemmour,1
helln,4
challa,3
nuenen,1
inca,25
shahkot,2
tingi,1
borne,10
jinka,3
dadu,7
kaliningrad,22
dayr,2
maracaibo,7
bideford,1
bobodioulasso,1
menen,1
bhilai,1
karuri,1
valdivia,2
kuov,1
noci,7
rhus,2
leer,11
ynmu,1
tamano,1
jitra,2
giero,1
ayagoz,1
woburn,5
hashimoto,2
balma,1
ninove,3
khonkaen,6
tndr,2
cachan,4
yateley,1
besbes,6
emmen,2
hopkins,122
eitorf,1
westbury,11
dracut,4
bulungu,1
brest,74
shatura,9
kuopio,4
gelibolu,2
nagasaki,20
visaginas,6
hamme,25
pailin,1
moche,2
mungia,1
alfenas,1
fuli,3
gumi,3
teaneck,6
conildelafrontera,1
sequeira,1
manacapuru,1
adca,6
saintlaurent,1
sanbenito,2
singa,5
anyama,1
zagreb,29
sabang,2
khardah,2
veles,16
borovichi,2
kotka,9
orsk,8
grenoble,15
fonseca,27
hamtramck,2
unio,7
ashdod,5
zinder,3
gornyak,2
kaka,298
brampton,21
santamaria,15
canning,9
broomfield,1
patharia,1
birsk,2
iwai,4
kielce,3
cibinong,1
silute,1
farmingville,1
rotorua,4
longquan,1
aosta,2
viareggio,1
sanluis,8
laukaa,1
afin,2
bellevue,39
cchi,4
silivri,1
alegre,9
bellingham,2
kommunar,2
uetersen,1
artvin,3
tokr,1
kaolack,1
tartu,9
wedding,148
ossining,1
wilkesbarre,1
konstanz,13
skegness,3
chema,13
marrero,13
johnstown,4
saltillo,4
baku,41
bethpage,5
tangerang,2
montalvo,6
zolotonosha,1
nonsan,1
kaunas,23
grottaglie,1
marana,8
kathu,1
karatsu,1
monterrey,19
malgobek,2
dunkwa,1
menton,5
opelika,2
villupuram,1
boardman,6
kleve,1
banjul,6
armavir,13
mariupol,26
shiqi,1
kalamari,5
ohrid,1
varel,2
banderilla,1
negotin,1
sciacca,2
mangaldai,2
serrana,1
cuenca,14
ndjamena,4
tiznit,1
ceuta,1
aguaprieta,1
valdor,3
schoten,1
kuks,2
bdar,2
forestlake,2
kyrenia,3
kard,7
cruzeirodosul,1
gijn,2
missionviejo,1
eastlake,10
monza,30
merzifon,2
naes,17
cabimas,1
slidell,7
ferizaj,2
curitiba,27
westerly,6
rads,7
bracknell,3
kabarnet,1
rheinberg,1
birr,3
beaconsfield,2
petrovsk,4
bytom,3
palermo,108
molepolole,1
valday,4
karachi,96
saratov,77
mentor,109
zhuhai,3
berezniki,4
almaty,22
khimki,5
manage,51
boumi,3
takum,3
shilin,7
ameca,4
skawina,1
curuman,2
superior,82
rehoboth,10
warangal,2
kuznetsk,3
ordu,1
torrevieja,3
portogruaro,1
islamabad,14
pata,25
milazzo,2
neath,8
fujin,3
colombo,63
ondo,1
tumbi,4
cherkasy,3
lumberton,3
mexico,772
chambly,6
uppsala,11
balakovo,9
dubna,9
megion,4
conroe,10
godda,1
babaeski,1
woodstock,64
curug,1
sollentuna,1
kampen,6
fallbrook,5
arang,2
ozerki,5
andover,46
diredawa,1
porangatu,1
fergana,16
bugo,4
whakatane,3
kiliya,2
sudbury,14
woodridge,1
torrent,67
linstead,1
pinheiro,13
viborg,19
parepare,2
spennymoor,1
sopot,3
truckee,9
kievo,1
lorient,10
vilaseca,2
rovaniemi,3
rangpur,2
kufstein,4
kamyshin,1
kuroda,3
norfolk,61
sanjavier,1
heilbronn,3
kloten,12
depew,1
santoandr,1
sthelens,4
herford,5
ramsbottom,1
favara,2
uster,2
serdobsk,2
sikka,2
neuulm,1
kursk,34
villanova,8
bafia,1
fribourg,4
gien,2
frosinone,1
wollongong,2
miass,10
volgorechensk,1
giresun,3
itaberaba,1
kamiichi,1
pinebluff,3
bata,21
villaregina,1
omsk,59
eldorado,107
aalsmeer,1
zwickau,2
embi,1
serik,70
korgan,6
middletown,2
sangamner,1
atar,3
centerville,1
belr,2
freetown,7
bender,280
aracruz,2
voltaredonda,1
kitchener,1
modugno,2
lakeside,86
negotino,1
padam,1
rakovski,1
velp,2
roskilde,18
puertoescondido,1
stalowawola,1
kalach,6
buhe,1
gifhorn,1
louisville,11
lomme,1
phayao,2
mannheim,52
ekibastuz,3
acireale,1
samsun,108
backnang,1
tsuki,4
atwater,29
kidsgrove,1
kovrov,9
isparta,4
centenario,3
dekalb,18
aylesbury,3
saintgeorge,2
sgar,4
lautoka,4
mogimirim,1
kualalumpur,1
redondela,1
kisi,4
rapallo,18
greven,10
pinto,124
kamsar,1
carpano,1
rura,8
szeged,9
zheleznovodsk,1
zerbst,2
dessau,10
weilheim,4
aalen,2
amersfoort,2
iwase,1
embu,1
cagliari,15
stpauli,11
floirac,1
riobamba,4
nazarovo,3
vavuniya,1
canavieiras,2
albertslund,5
mysore,4
solihull,7
yoshikawa,2
corato,1
elkriver,1
floresta,8
whyalla,4
coatepec,3
elcerrito,2
baypoint,8
sitges,19
fuyang,1
jaisalmer,2
morales,101
leicester,29
bulawayo,7
huangyan,1
statesville,1
jamestown,7
pompu,1
risca,2
kiruna,5
sanclemente,2
jombang,1
tahe,4
claremore,1
abington,10
tegel,1
augustw,3
monclova,2
nanaimo,6
biskra,5
sgou,9
curitibanos,1
winnipeg,47
wolfsburg,3
osorno,2
philipsburg,1
biella,4
rioclaro,2
utrecht,22
piro,13
leixlip,1
bielany,1
binjai,1
chekhov,9
clearlake,2
berkane,1
agidel,7
kankakee,1
djamaa,1
rovigo,4
tettnang,1
bourbonnais,2
malolos,3
tarsus,5
hiji,2
tienen,3
masantol,1
cordova,29
suvorov,18
coimbra,20
bato,16
innsbruck,2
wajir,2
tarragona,4
jarrow,10
xiamen,2
bokro,1
matara,4
kunsan,10
actopan,1
bocholt,4
ozark,11
hunedoara,1
siderno,1
loudi,1
miraloma,2
manresa,6
atsugi,12
livorno,11
haiphong,1
poti,3
werne,6
takaishi,1
apopka,8
bhatinda,1
cuttack,4
aabenraa,2
swords,129
turnhout,4
miramar,35
gusev,30
moro,33
daura,2
kirov,36
newry,1
muriti,1
eljem,1
glostrup,4
balaka,3
portel,1
wetzlar,13
svres,1
arnsberg,1
along,24
tapes,8
ecatepec,1
jayrd,1
arauco,2
managua,31
aaff,10
pohang,2
leme,2
unioncity,2
albadr,1
stillwater,6
hebi,6
texarkana,1
kapit,2
knysna,8
napoli,135
herval,2
puteaux,1
phrae,2
ternopil,10
odense,28
bjar,2
winterhaven,2
ganja,130
marialva,1
jaipur,10
hanover,46
inazawa,2
zernograd,4
tenri,1
pune,7
uman,8
kavadarci,1
yasuj,1
mula,16
ormskirk,4
propri,6
ambad,1
lomonosov,25
amrn,1
mangai,2
perugia,13
paramaribo,7
mnvi,1
mondragone,1
northeim,2
capetown,78
guacara,1
darhan,15
mahwah,6
slobozia,2
huambo,2
hino,12
amiens,6
enem,1
putte,22
woodlawn,23
esslingen,2
rzhev,1
algonquin,1
ferndale,22
naivasha,2
benoy,1
chelmsford,3
kansascity,10
mozdok,10
landshut,3
sanpablo,7
maykop,7
sanger,30
cebucity,7
espinal,2
arima,5
tainan,5
bungoma,1
whitehorse,7
maring,3
meissen,12
quiapo,1
deoband,1
saguenay,2
frederiksberg,16
lilio,1
mishawaka,1
telde,1
deerfield,9
calabar,6
lacrosse,575
dachau,2
yoshii,11
redhill,18
karow,1
ibara,1
autun,2
kameyama,1
adzop,1
bakal,2
heemstede,1
quito,15
longbeach,29
bilbao,27
bayeux,4
ilkal,1
parede,5
hendersonville,2
sinop,3
trondheim,8
bassum,2
sarov,9
banjarmasin,1
dienbienphu,1
poole,26
orangewalk,1
kelo,5
toyokawa,6
yerky,2
bago,14
terrytown,3
westmount,1
cannes,30
avtovo,3
elbistan,1
hagi,8
yuncheng,1
morsi,1
karasu,4
subotica,3
otaru,2
dinar,79
hopa,2
maus,116
statesboro,1
alushta,6
janakpur,3
tumen,10
avar,1
sakado,1
pforzheim,2
chortkiv,1
masty,2
ovruch,1
landerneau,1
khashuri,1
amahai,1
oildale,3
volkhov,1
sadah,2
nagato,18
sunnyside,7
algiers,16
rocha,29
ahlat,1
kamr,1
bark,67
rotterdam,26
vicenza,14
salzburg,20
kreuzberg,2
ajka,3
santander,15
apodaca,6
asse,22
lynbrook,3
zeitz,1
tradate,3
veenendaal,1
saat,4
paka,21
sagunto,1
taipei,43
jinja,2
malinovka,8
haguenau,12
guanajuato,7
raub,3
springdale,1
khli,1
kanoya,1
kaltan,4
nazca,4
oconomowoc,1
pinneberg,1
lelystad,1
kuje,1
stanger,48
bagnolet,1
donskoy,4
ashtabula,1
sheki,6
soba,12
kladno,3
tyrnyauz,1
plaridel,1
glazov,5
soro,5
lippstadt,1
marilao,1
siouxcity,2
judita,1
piedade,3
goleta,16
chenghua,1
jhjh,8
lansdale,7
chnin,2
meaux,1
wallasey,2
deltona,6
sokoto,1
shahdol,1
southbend,4
novosibirsk,19
dhekiajuli,1
yarmouth,6
shimoga,4
rawalpindi,3
babushkin,2
raymore,1
epping,13
trentoladucenta,1
batla,1
bayshore,22
casagrande,3
bieru,1
cusco,7
sancarlos,2
steyr,9
pontiac,462
warburton,3
okinawa,74
piraeus,3
kaiserslautern,4
hildesheim,1
bologna,126
zalu,1
troyan,20
haar,4
kunming,2
bellflower,3
grapevine,11
kirsanov,5
ilorin,1
angol,4
warburg,10
ostrava,5
taif,2
pranburi,2
piripiri,3
aliaga,3
comiso,1
marab,2
boyabat,1
kawaguchi,1
camargo,11
barranca,4
mamou,25
muskego,1
syzran,5
assal,2
shimla,4
didim,3
bamenda,1
kempen,1
arriaga,8
engadine,5
sceaux,1
zaraza,177
anshan,2
helsinki,65
sadek,4
gerlingen,1
pietrasanta,1
bagul,1
cranbrook,3
aalter,1
khemisset,1
glassboro,1
singur,1
fairoaks,8
gorakhpur,1
rimini,17
mettur,3
westorange,2
maner,5
azzaba,2
cabrob,1
chatou,3
swakopmund,1
dordrecht,2
rosenheim,3
wildwood,85
ogawa,4
kulp,1
izyaslav,1
cikarang,1
nashik,2
frth,4
ezine,1
mendoza,81
sarasota,35
sobradinho,1
tirumala,2
kemer,9
hirakata,2
manwar,14
chernogolovka,1
westhills,3
winterthur,2
kenilworth,3
fushun,1
ballarat,11
berdyansk,2
bergedorf,1
bahbah,15
zahedan,1
maradi,3
banga,5
iglesias,22
tirupati,3
schaumburg,2
navolato,1
pipili,2
jessore,1
atec,3
bnka,1
shantou,2
cahul,1
bujumbura,1
baga,18
gerona,3
palatine,9
montpellier,3
clitheroe,2
beijing,59
owerri,12
lemay,6
karlstad,4
botd,2
labinsk,2
ixtapa,6
townsville,2
kalamazoo,16
wijchen,1
riverton,8
detmold,1
kusa,8
cobham,6
boisbriand,2
albuquerque,7
daressalaam,3
baycity,7
ourense,1
nadym,2
thimphu,3
kelowna,4
maribor,4
altona,10
greenfield,12
kotelniki,2
gondal,7
elista,15
pilait,1
tervuren,2
copiague,4
matera,5
heredia,4
itzehoe,5
epworth,5
jalandhar,4
peshawar,10
montrouge,1
porthuron,1
osmaniye,1
siouxfalls,3
corfu,7
yuxia,1
kiskunhalas,2
kawagoe,1
collegno,1
makabe,1
reutov,2
thunderbay,5
kupino,1
rennes,11
littau,2
kraljevo,1
daytonabeach,3
tumba,6
maintal,1
bognorregis,1
loos,10
tuntum,1
marigot,2
longsight,1
sandusky,13
hude,2
stanbul,3
oulu,2
rasskazovo,1
belek,5
westmemphis,1
emporia,7
clevedon,4
katumba,5
cahokia,4
tiet,5
chonburi,2
labarca,3
bromma,5
ozersk,6
subice,1
mauldin,10
manat,5
arkalyk,1
palmsprings,1
nutley,5
klang,5
opladen,1
zamboanga,7
wusong,1
beersheba,1
tikhvin,2
calabasas,1
kashin,5
queencreek,1
bondy,4
antwerpen,6
dumka,4
salta,20
puri,5
terneuzen,1
kribi,1
gurnee,2
wesel,2
treviso,12
petrodvorets,1
diepenbeek,2
tolyatti,1
welland,8
terlizzi,1
bayside,43
tekeli,1
miamibeach,4
hsinchu,1
depok,2
newburgh,20
jolo,8
gladbeck,2
sandh,2
comonfort,1
remscheid,2
eltham,5
esmeraldas,1
maplevalley,1
morogoro,2
topi,10
recodo,1
yamada,20
culvercity,1
antofagasta,3
krasnogorsk,1
abbotsford,2
blytheville,1
granby,11
bonn,40
tomilino,1
falun,2
potos,8
eljadida,1
niigata,5
mandal,11
ridder,21
iowacity,3
seesen,1
livny,1
prudnik,4
shangrila,9
perico,56
tuxpan,4
harar,2
ripollet,2
enschede,3
blitar,1
brakpan,2
rovereto,1
lausanne,32
bako,10
solus,21
oakharbor,1
skara,2
silli,5
maldon,6
spandau,17
kriens,2
ulhasnagar,1
zossen,1
baranovichi,3
natal,70
rietberg,1
moga,3
lokeren,3
kuantan,1
motomiya,1
ossett,1
eibar,1
mpwapwa,1
danilov,40
karlovac,1
csis,2
university,81
apia,2
corabia,1
quillota,1
verviers,2
maksi,24
yeovil,6
craiova,8
lovech,1
sertolovo,1
anchorage,9
forestpark,1
ararat,57
landskrona,3
nadid,2
ridgewood,9
desio,1
rvar,1
nguru,1
lagarde,1
hermosillo,1
hbra,2
talca,1
bathurst,7
skopin,1
krabi,3
bayburt,2
osasco,2
doncaster,11
plast,5
santaluzia,1
pavlovsk,4
beringen,2
sosnowiec,3
demak,1
lund,41
galle,8
portage,19
duffel,20
abch,5
guaiba,1
benicarl,2
kerch,11
buea,1
homewood,23
modica,5
ilagan,3
bhayandar,1
tamworth,6
shipley,16
morozovsk,1
jiuquan,2
nartkala,2
canterbury,10
naperville,1
menemen,2
gummi,29
crema,8
phek,1
lishu,1
visoko,4
zagora,4
yujing,1
papaya,53
pistoia,3
battambang,2
vorkuta,23
kakata,1
vineland,5
bolzano,12
suisun,6
saipan,20
paine,16
shimada,2
fallriver,1
esparza,8
narok,1
tongren,1
bielefeld,4
tukums,1
gualaceo,2
goma,9
safonovo,5
pantelimon,1
narn,4
cabra,3
blackheath,2
noblesville,1
swansea,54
yakutsk,3
yulin,2
kitakyushu,1
holyoke,4
scheveningen,2
coro,15
newquay,2
tabaco,16
segovia,19
karakol,2
whittier,21
phnompenh,5
sanonofre,2
putian,7
dandong,4
dilling,3
pescara,9
raisio,1
baiecomeau,1
daoukro,1
padova,20
tortola,11
venceremos,2
jwad,2
madang,2
glinde,3
batman,3059
thika,1
odintsovo,2
castaic,2
konotop,6
kuzminki,1
gwalior,3
saky,2
opportunity,8
nouakchott,2
putten,2
honch,1
seeb,1
strogino,5
grimma,1
oakridge,23
elhajeb,1
donantonio,2
kadr,9
bulolo,2
herten,1
larne,3
temryuk,1
porlamar,2
prilep,2
mosta,6
lakeworth,1
abudhabi,12
madera,32
sikeston,2
harare,15
kronberg,4
estero,6
lavras,1
klia,1
athlone,6
braunschweig,5
shaping,3
ocala,6
mantova,3
marrakesh,2
albjr,1
altena,1
arequipa,17
belluno,15
legnica,2
yavn,1
satumare,2
astrakhan,2
arendal,5
dnipropetrovsk,1
khust,1
chiclayo,2
viamo,1
riverside,54
georgetown,21
prez,23
palmharbor,1
herne,10
cork,48
southport,7
jilin,3
oakcreek,2
alliance,148
saldanha,5
kyoto,25
pavia,7
paulista,15
moshi,6
krnov,1
mingora,1
moaa,2
mojokerto,3
limoeiro,2
thiais,1
brownwood,1
belizecity,1
svendborg,3
binha,4
sheksna,3
gresik,1
aparecida,5
garoua,1
segezha,3
silchar,2
wiesbaden,1
hvidovre,15
como,14
memmingen,1
lagomera,1
anak,13
tongshan,1
bodrum,9
veendam,3
dalaman,2
pasadena,87
omdurman,2
soio,1
staveley,1
pittsburg,7
fafe,5
bonga,8
rivoli,8
klimovsk,5
jammu,2
kamoke,1
handa,7
piracicaba,4
stalbans,5
kintampo,1
stmarys,10
bregenz,1
brugge,10
portofspain,1
irun,8
salmonarm,2
mishima,21
bordeaux,75
seabra,2
mosbach,1
reading,145
tulare,7
bucharest,1
debila,2
galai,1
indaiatuba,1
springhill,1
penedo,2
andong,1
rodgau,1
huanta,2
ronkonkoma,1
romblon,1
pinerolo,2
cessnock,1
gaggenau,3
bruni,13
zarinsk,1
wallsend,4
oudenaarde,2
bayawan,1
wisch,2
boshan,1
bbol,1
oelde,1
nadvirna,2
bayj,1
hellevoetsluis,1
lagrange,23
kuvandyk,1
atamyrat,1
kortrijk,4
trat,7
mishan,10
meulaboh,1
tilburg,11
taichung,1
claremont,12
catanzaro,2
agua,14
bermeo,1
woodmere,4
balasore,1
qarshi,1
chalmette,4
vilnius,11
tame,15
kumagaya,2
edgewood,20
wettingen,1
reddeer,7
abaza,7
pelotas,9
woodburn,4
jacksonville,11
iksan,1
samal,24
lice,7
kestel,4
tornio,2
fizuli,5
baro,13
vernier,11
helmstedt,1
nurlat,2
hora,19
timmins,4
tucano,17
hamm,44
balad,1
magnitogorsk,2
bogot,3
welkom,123
stellenbosch,1
silverlake,2
imbituva,1
balabanovo,1
boli,9
aalborg,30
ferrara,25
mokwa,3
juliaca,1
nrbd,1
heerlen,7
panabo,1
rohtak,1
melitopol,8
lents,5
zarautz,1
buriram,1
battleground,3
sandiego,235
hardenberg,1
talladega,4
pasto,8
annapolis,7
ginowan,1
damdam,19
mihara,1
anlu,2
cedarrapids,1
prna,1
paterna,2
zeytinburnu,1
ipil,2
maca,27
lakezurich,1
gersh,17
sivas,9
cantel,6
kajiki,1
isernia,2
piran,3
fukuoka,8
arcos,4
andijon,1
aspe,3
laisla,1
wausau,5
svobody,2
lyndhurst,1
bellaire,14
westbromwich,1
valdosta,10
palembang,4
catalo,6
bakersfield,10
mataram,1
benguela,1
xamaz,1
korenovsk,1
bakri,5
edinburg,43
akure,1
gatak,1
rotenburg,1
cascina,1
hinesville,1
iwakura,1
chapelhill,1
elektrostal,1
abak,3
mashhad,3
piacenza,9
katihar,1
tabas,1
remagen,2
bamberg,16
civitavecchia,1
staaken,1
yubacity,3
erke,7
konch,1
uchaly,1
salcedo,11
pochep,1
thanhha,1
dickinson,10
mamaroneck,1
ipatinga,3
satun,2
toktogul,1
kisai,1
dedza,1
cibolo,1
brak,31
ancona,16
campogrande,1
wailuku,1
uden,3
shahrak,1
hillside,63
pokhara,9
musashino,1
bendigo,2
bafra,23
banda,41
tolentino,3
qazvin,1
gatchina,2
fukushima,2
wegberg,6
maizuru,1
nmes,1
gibara,1
yokohama,38
monastir,5
rotherham,5
uglich,3
tokoname,1
newcastle,104
laon,1
commack,5
selargius,1
flandes,1
collingwood,11
kumo,3
vichuga,2
arbroath,10
toulouse,60
mougins,1
hautmont,1
laplace,12
sragen,2
assen,5
vitria,1
nice,228
tralee,8
oberursel,1
lubin,6
kasama,3
maastricht,3
nanding,1
rockledge,1
marugame,10
villavicencio,2
nilanga,1
ferndown,4
offenburg,2
schmelz,2
bremerhaven,2
raytown,2
nahual,3
saratoga,147
allende,15
culleredo,1
gorontalo,1
catania,21
khartoum,7
ballerup,4
chieri,1
amet,10
palpal,17
motril,4
tambov,31
kandalaksha,1
gagny,2
gallup,21
longbranch,1
koskie,1
silkeborg,15
amberg,8
radcliff,10
bamako,9
hailar,1
tunapuna,2
quezon,5
simpang,1
damme,3
padra,2
dour,2
vinica,1
bhind,1
fermo,3
herisau,4
palmela,1
tagoloan,1
menifee,3
bratsk,6
christchurch,2
margate,14
adelphi,10
carlow,7
villamontes,1
nelidovo,3
bostonia,4
rasr,1
hannover,59
sabadell,4
radnor,12
arpino,1
alhambra,36
midland,69
carora,1
lebbeke,2
bielawa,1
babu,66
rheine,3
pasuruan,1
taza,7
alfal,2
camb,13
sanremo,13
sobinka,2
khammam,1
konin,1
caman,3
boronia,3
pehowa,1
dudinka,6
essaouira,1
arari,2
istra,5
solikamsk,2
helsingborg,1
hangzhou,1
balod,1
eutin,3
biha,4
lichfield,2
herriman,2
binghamton,3
valence,10
boudouaou,1
balaklava,12
duluth,40
sevenoaks,4
cheraga,1
clemmons,5
zama,21
aluva,1
madhubani,1
elsegundo,2
nailsea,1
scandicci,1
zaxo,2
narashi,1
prdi,1
dearborn,17
sprti,1
aventura,29
gojra,1
frankfort,2
benidorm,20
heihe,1
skadovsk,3
panam,23
fano,6
sialkot,7
jagna,2
hamamatsu,1
longview,26
madhupur,1
tawau,2
nuevitas,1
severodvinsk,5
ayacucho,4
mampong,3
indianapolis,8
lainate,1
dinga,6
newyorkcity,11
penticton,2
motherwell,8
nanyang,3
kawara,4
burlata,1
gembu,1
quimper,6
liberal,41
papakura,3
oruro,1
aberdare,4
gallatin,13
verbania,1
sanangelo,1
moppo,1
hille,11
plattsburgh,1
perpignan,4
fria,5
kousa,3
klob,6
pasaje,3
westerlo,1
handi,5
bhola,1
kuchera,1
huesca,1
ostend,2
kozelsk,2
palmital,1
springville,1
limay,1
arua,1
maryville,1
alamo,73
simivalley,1
nanterre,4
abakan,20
gauting,1
trapani,3
limbang,1
edgewater,2
rialto,8
kabale,1
hernani,4
noginsk,4
chiquimula,1
doka,16
putrajaya,2
dabas,1
tayu,1
itaparica,2
mudanya,1
batavia,30
marshfield,1
mono,63
beltsville,2
delrio,31
banes,4
tuzla,1
stalybridge,1
malanday,1
geelong,30
rieti,1
baza,50
pkla,4
chiffa,2
straubing,1
aversa,2
metrogorodok,1
chattanooga,7
loughborough,2
kazman,14
sintra,30
alvand,1
suisan,1
massafra,2
frsn,2
govardhan,1
ellensburg,1
kabanga,3
meylan,1
bukuru,2
agar,7
xochimilco,1
astorga,2
avenal,3
irvington,3
phuket,39
jlna,2
santacatarina,1
galapa,1
weimar,14
neuwied,3
pock,4
caas,2
shimoda,7
tonal,12
kodinsk,1
sanbruno,1
vanadzor,5
turbo,773
zrenjanin,5
woodbridge,2
menlopark,1
sagay,1
bafat,1
hadjout,1
novisad,6
cresthill,1
hicksville,4
bida,5
shabqadar,1
cabrero,2
cardiff,95
desmoines,4
bandung,32
tochigi,1
makassar,18
liverpool,976
tenn,52
cuddapah,1
ibat,3
lenger,2
sobral,14
stendal,5
westford,2
crates,9
batupahat,1
rouiba,1
pandan,1
calexico,6
chiba,17
nazran,2
manturovo,2
karmiel,1
daejeon,3
fujisawa,7
aruj,3
ramallah,8
eloued,1
bramhall,3
ilhus,1
buxtehude,2
wakkanai,7
sacile,1
assk,3
lanester,2
pereira,38
talavera,14
sainterose,1
kanuma,1
genk,3
greensboro,8
domodossola,3
nottingham,19
gowno,3
ktrs,2
kropotkin,2
salerno,31
rosemont,10
potsdam,18
plaisir,17
tire,30
gubkin,2
shelekhov,1
ensenada,6
maesteg,1
wertheim,2
krasnoobsk,1
fossurmer,1
collinsville,2
groningen,3
daigo,3
libourne,2
burleson,4
rauma,1
statenisland,2
mayf,2
concord,117
caserta,251
liski,3
masuda,6
valinhos,1
nanning,1
hongkong,241
mizusawa,5
altenburg,1
spitak,1
kragujevac,1
varkala,1
tupaciguara,1
orkney,8
kalt,6
mexicali,18
chigasaki,1
pinewood,36
ulyanovsk,4
amasya,2
worthing,12
newport,478
sanok,6
grenchen,1
badajoz,8
luzern,39
anapa,23
datong,3
edenprairie,1
djal,3
jandila,1
sampaloc,2
cobourg,4
yonezawa,1
arar,25
massapequa,2
jbal,1
anbu,7
leopoldina,1
smithtown,2
mlln,2
dothan,5
sokolov,67
allada,1
villahermosa,1
templin,1
ljubljana,7
osaka,36
okha,2
amagi,1
maurepas,1
casablanca,57
frohnau,2
pinho,2
acton,12
carteret,4
hammamet,3
walkden,1
yasenevo,1
metu,2
balaguer,1
gines,2
encantado,1
manga,135
barstow,20
augsburg,26
camaiore,1
bridgewater,4
conyers,2
roeselare,2
nikulino,4
djnn,3
vacaria,1
mons,14
pachino,2
jalapa,6
svetogorsk,1
fiorano,5
colonia,39
belv,2
valparai,4
beauvais,3
beej,6
lavictoria,1
achern,1
federal,110
chittaranjan,2
negombo,2
barnaul,28
algeciras,1
sunbury,2
carolcity,1
belas,1
islington,1
barberton,1
pleiku,1
lubbock,31
rnvv,1
lepe,1
seto,5
cerritos,10
budva,3
lakewood,80
lemans,81
bogor,1
gardanne,1
telaviv,22
mateur,89
tonota,1
brookfield,7
shuya,4
tupelo,50
komatsu,33
kanpur,5
venlo,3
whitehall,7
matar,3
kars,11
hornlake,1
irbit,2
tver,17
velingrad,1
nordhorn,1
gubin,8
kathua,1
riobranco,1
pamekasan,1
wheeling,13
assis,7
juye,1
matanzas,11
mestre,26
takanabe,1
echuca,2
liaoyuan,1
dapitan,1
erzurum,5
zibo,1
mechelen,5
palagonia,1
xanten,1
mercin,1
nizhnekamsk,5
highland,290
selm,6
baraki,1
battersea,3
gotha,5
envigado,1
haslett,5
tartagal,1
brossard,3
sabh,1
aboisso,1
barking,31
burnaby,11
penzance,7
bucaramanga,4
giurgiu,1
llucmajor,1
tagta,2
bacu,1
foresthills,1
sueca,1
bilgi,2
ratnagiri,2
ozurgeti,2
ventimiglia,2
northampton,5
kalk,2
dblin,1
beirut,32
wilmington,9
jayapura,1
toulon,10
pacora,1
yartsevo,2
saintkilda,1
brisbane,52
pawtucket,4
jacobina,1
schweinfurt,3
xinghua,2
badn,1
gimar,1
eschweiler,1
chaman,17
satka,3
zlatoust,5
formigine,1
xaixai,3
pergamino,1
cento,5
fryazino,1
fcamp,3
eisenach,12
poes,20
najaf,1
bais,3
kaohsiung,1
vlor,1
carcar,59
newcity,4
elmal,1
redland,6
mitrovic,4
accra,16
carmarthen,3
saumur,4
muborak,1
aktau,7
morn,6
meerane,1
wadern,1
erode,2
pinole,4
iquique,2
sinsheim,1
lalaguna,5
macerata,2
stekene,1
nanuet,1
mayenne,1
laplata,10
appleton,41
buta,7
solin,8
massillon,2
zaandam,4
abadan,13
scarsdale,2
babat,4
lalaja,1
barda,6
lokoja,1
coppell,3
kotovsk,3
campinas,9
kosamui,6
morbi,3
mangere,5
playas,34
larvik,3
cacm,2
masterton,3
offenbach,3
horten,3
kurgan,36
saquarema,1
laln,2
temecula,4
potomac,28
hopemills,1
mountlebanon,1
villena,1
paks,4
maun,2
gallipoli,2
aleppo,5
southfield,2
kalgoorlie,3
gudermes,1
shatin,3
cabo,33
bagneux,2
delicias,3
bugulma,3
whitehaven,1
imphal,3
frolovo,5
cmau,1
nabari,1
thabo,2
ringsted,2
kasongo,1
luocheng,1
zuru,4
douane,1
eslv,1
coram,1
kostroma,15
lehavre,1
fredericton,2
lagos,18
jabalpur,5
maldegem,1
sanj,29
hattingen,1
kremenets,1
tzaneen,1
valparaiso,6
hollysprings,1
ashfield,11
kandhkot,1
suru,9
gilching,1
kastamonu,6
prizren,7
lumut,2
tiangu,1
yumbo,3
paita,2
pira,14
bulan,3
hibbing,8
pullman,23
luau,4
oldham,45
pando,5
osinniki,2
elmshorn,1
rypin,2
ruma,16
krasnodar,51
ktou,1
bellary,1
sedan,20
leominster,1
rosemead,7
chosica,2
unna,6
mardan,7
tahoua,1
smara,5
newbrunswick,2
beja,4
moosejaw,20
barueri,2
marand,5
kentwood,10
moram,1
tanabe,7
stupino,7
karakul,5
shinj,1
bridgend,1
marsala,12
lannion,2
altadena,3
maardu,1
pugachev,4
latacunga,2
corsico,4
westmilford,2
pesaro,2
ujjain,1
crofton,10
woking,16
moreton,6
jaffna,1
bunbury,10
hamar,2
zugdidi,2
okanagan,4
nyagan,3
harlingen,6
bambang,10
sorada,1
pushkin,94
maputo,5
lviv,10
roses,157
thebronx,6
tibiri,1
much,40
lubo,3
coesfeld,1
puntagorda,1
sanfelipe,1
markova,24
methuen,6
crestview,1
shenyang,4
kunduz,4
chancay,2
koszalin,7
papar,2
brilon,2
kabul,19
acworth,1
bredbury,1
okazaki,3
monchegorsk,1
adelfia,4
tabriz,7
khabarovsk,5
belmopan,2
agio,4
arapongas,3
hanam,1
ventspils,4
layyah,2
windhoek,7
munster,66
menuma,1
mostar,20
kettering,5
bobbili,1
bernburg,1
streetsboro,1
badenbaden,4
capecoast,2
bydgoszcz,1
changping,1
tlemcen,3
elektrogorsk,1
ashqelon,1
neuss,2
kabala,13
thun,12
pinsk,8
banjaluka,2
agrigento,2
moita,1
albal,1
nagoya,18
avellino,9
yuci,1
sirh,1
mitcham,8
nadi,63
palmerston,2
jchen,2
caracal,10
mandeville,2
nagano,16
mufulira,2
dakhla,1
freeport,24
kashipur,1
lanzhou,1
boisar,1
pennhills,1
netishyn,2
rewri,1
deolli,1
manado,6
burgas,8
meppel,6
bellavista,2
fier,6
tatu,28
ueki,1
eppingen,1
cradock,3
kimitsu,1
nippes,4
cloverly,2
aleg,12
ekpoma,2
goldcoast,6
santafe,125
koblenz,18
malahide,3
jeypore,1
salford,19
ghat,1
parola,232
humen,2
yarm,5
cohoes,1
chrudim,1
nassau,69
syktyvkar,3
aksaray,1
marneuli,1
busselton,1
bafoulab,1
narbonne,6
souma,1
mijas,4
westhartford,1
ribeiro,15
quevedo,4
bulancak,1
goch,3
lorca,5
ordos,3
terrassa,4
zenica,3
bbai,1
dome,141
lipetsk,10
domodedovo,12
drexelhill,1
santamonica,2
coachella,1
kontum,3
varberg,3
ticul,1
bojonegoro,1
asaka,12
wageningen,1
moorhead,7
skilip,1
ozar,1
toul,2
manteca,17
klin,25
gorgonzola,4
colomba,7
liding,1
goes,19
ludu,4
lewes,6
medvedevo,1
chichester,5
sullana,1
warri,3
stow,14
korolev,31
montenegro,23
caparica,7
oakhill,10
maba,10
rota,25
dolyna,2
heerde,1
tagas,1
apsheronsk,1
misilmeri,1
irati,1
takaoka,2
motul,4
pomona,30
sanfernando,2
bongaigaon,2
bauta,2
bonao,1
pombos,2
barreiro,1
bedel,4
chaguanas,3
bangor,40
fabriano,2
rjgr,1
navrongo,1
gevgelija,1
boende,3
rushden,2
jirkov,1
basauri,1
sheikhupura,1
frechen,2
kolto,3
argentan,1
sassuolo,1
huntsville,2
murici,1
sampang,1
lohmar,1
plymouth,187
sunvalley,8
ribera,5
sandefjord,1
sombor,2
kolomna,18
scele,1
bissau,6
morinda,3
bethesda,21
asilah,1
peniche,6
bellwood,7
percut,1
miyazaki,7
domont,1
limn,2
slobodka,2
tuxtepec,1
vrangel,1
tondano,1
duiven,3
voronezh,12
callao,17
yaransk,1
korop,3
cauquenes,1
belgrade,9
sanroque,2
sale,55
fuyo,3
barroso,5
pernik,5
mekla,1
mito,23
bemowo,1
borger,9
settat,2
elsalto,1
lucban,1
knan,1
vlaardingen,1
orvault,1
poggibonsi,2
sinzig,2
nishiwaki,1
korsakov,7
hempstead,7
rybinsk,5
baildon,2
lochearn,2
yablo,1
korosten,2
pushkar,2
boxtel,1
same,82
tatvan,1
magdeburg,3
blackburn,24
yichun,1
cordeiro,4
cnth,1
majuro,3
alagir,1
fredrikstad,1
nagai,2
barquisimeto,1
mobile,274
abtj,1
afgooye,2
bayn,3
galt,15
ottaviano,1
taraz,5
balanga,1
loul,4
warsaw,63
kaspiysk,1
oswego,29
vrilissia,2
krasnoturinsk,2
lommel,2
kirkcaldy,1
abreus,1
corrientes,3
fasano,6
tokat,3
dahlem,2
akko,3
pikine,2
wakayama,4
lismore,6
nonoichi,1
nador,2
lintong,2
fich,1
desoto,33
choloma,2
bende,8
cudahy,8
shymkent,2
pula,32
tampico,19
hann,19
isfahan,5
pnch,3
gois,3
cascais,7
angradosreis,1
palmbay,2
lule,3
nettuno,3
bast,33
chengdu,5
rastatt,1
hanawa,2
riccione,8
yongpeng,1
norden,11
fishers,19
bitola,9
karben,1
coronado,35
ellinik,1
karwar,4
barbosa,29
geti,7
sansevero,1
elaz,1
alaca,3
vnukovo,2
malang,6
arrecife,2
timbuktu,18
sorong,2
sakurai,4
baar,1
timb,12
salw,1
mastic,7
perthamboy,1
vejle,7
machal,2
aurangabad,4
naic,2
jacaltenango,1
malabo,7
saraburi,5
masvingo,1
yangju,1
reigate,1
banmo,1
singaraja,1
peabody,78
grandview,7
aprilia,82
lalitpur,1
monteiro,16
buzuluk,8
itajub,1
hemet,2
ukhta,2
tosu,4
strakonice,1
sealbeach,2
tatarsk,7
stlouis,52
tiberias,4
hatta,5
kupchino,3
rusape,1
patos,4
ghro,2
energodar,1
echopark,3
roseville,4
pearlriver,1
torrox,1
kotlovka,1
tocumen,3
landover,5
orenburg,25
collegepark,1
ahmedabad,5
cambrai,3
povorino,2
calahorra,1
tosya,10
deggendorf,1
vercelli,6
tomau,1
altdorf,4
puebla,7
sika,19
rojales,1
tandil,1
tifton,5
dagomys,1
jmai,1
handan,4
einbeck,1
altamura,2
welling,7
worksop,1
imishli,1
steenwijk,1
nellore,2
agogo,7
dili,12
menden,5
changji,1
shbara,1
legnano,1
nbha,4
thorold,1
depere,1
goba,8
chorfa,1
siverek,1
runing,7
gniezno,2
utebo,1
mwadui,1
zabrat,1
reutlingen,4
holon,5
dole,35
varese,7
molde,4
kazan,86
manitowoc,2
pahrump,2
ballwin,2
fremantle,1
guna,7
kumertau,1
courbevoie,1
karpinsk,7
potenza,15
ishikari,1
hayama,5
piqua,1
agawam,5
sarapul,11
rexburg,1
bouss,5
heilbron,6
upington,2
hitachi,96
monze,1
saintl,1
springs,79
purley,4
furmanov,4
compostela,3
nikopol,18
reynosa,8
tooele,1
speyer,9
yako,8
moncton,8
khasab,2
kumamoto,6
schwelm,2
nipomo,3
calafell,3
nacimiento,2
passi,21
sanpaolo,4
wels,11
guelph,19
sake,33
taupo,3
laceiba,2
tahlequah,1
pocatello,3
haderslev,7
karera,3
dawei,1
agbor,2
progreso,6
famagusta,3
svetlograd,1
calella,4
batumi,11
smithfield,4
ajdabiya,1
cuneo,1
ramadi,2
sanisidro,1
yeadon,6
mangalia,3
assam,16
glck,1
suwa,2
engels,18
maddr,3
witham,3
asaba,7
achim,34
volokolamsk,1
loum,1
trotwood,2
jaru,3
sakt,2
herzele,2
coosbay,1
divo,5
bagheria,1
nganjuk,3
shoreham,1
mexicocity,2
freiberg,5
tuenmun,1
lisburn,4
stamford,51
rivne,4
kasimov,11
miltonkeynes,2
maddaloni,1
karasuk,3
sarstedt,1
kure,6
sunnyvale,7
blantyre,1
changsha,3
chinchin,48
taylors,15
macas,2
nanuque,1
shrewsbury,6
springvalley,1
sofrino,3
khna,2
bocachica,1
andenne,1
valletta,4
haridwar,3
linolakes,1
caguas,5
elyria,2
buinsk,1
virr,2
pomezia,3
zorgo,10
rosemount,2
ursus,18
simmerath,1
uzlovaya,3
caracas,86
cosenza,13
carlsbad,17
msaken,1
isahaya,1
vladivostok,26
beverlyhills,8
porvoo,2
chiari,1
tend,5
tunceli,1
saraktash,1
monino,8
suphanburi,1
suhl,1
alpur,1
hwange,1
obninsk,17
nantai,2
stavanger,6
cobija,1
geel,5
batang,1
delpilar,3
kungur,10
bathgate,14
sundsvall,1
whitstable,1
kabanovo,1
kwinana,1
gyula,8
mankono,1
evergem,1
troitsk,1
weihai,1
mumias,1
limbe,5
kamakura,10
deeside,1
kimovsk,1
minnetonka,4
royaloak,8
castricum,1
natick,23
ivanovo,17
bridgeport,5
tokmak,3
kokomo,93
hollywood,180
phunphin,1
banmai,1
burdur,3
overlandpark,1
daur,8
komsomolsk,1
montreuil,4
artm,8
cacoal,1
goya,10
hillegom,1
shsh,21
kulai,1
jiangyan,1
cecina,3
jingling,1
riverdale,8
bukhara,3
esplanada,1
tongliao,8
wierden,1
mallaw,1
jutiapa,1
chieti,2
valenza,1
volzhsk,1
bima,14
aldershot,7
brits,6
sergach,1
police,826
donetsk,19
hanahan,2
grasse,4
fulda,10
salavat,51
okene,1
soroca,1
riorico,1
adamstown,1
hialeah,11
kizlyar,1
monrovia,14
kumru,1
kawa,62
neftekamsk,2
namur,1
kansk,1
passau,6
elviejo,6
morecambe,2
alghero,3
agartala,3
mukono,1
bondo,18
schaffhausen,2
wallawalla,1
lucera,2
zawiya,1
olomouc,2
sousse,2
tosno,4
amursk,2
westbend,4
trelew,4
cortazar,3
lahr,3
bhor,3
mentana,1
kirkby,1
gawler,1
ipoh,1
salo,70
kitami,6
chittagong,5
kondrovo,1
formosa,14
riehen,2
escalante,3
turku,3
kakuda,2
cognac,42
bryanka,1
titusville,3
umkomaas,1
xingtai,1
hazelwood,2
ipiales,1
carouge,1
khrn,3
guisa,2
northridge,1
beavercreek,1
oranjestad,2
kochani,5
verobeach,5
anho,1
luton,29
brookings,1
aizawl,1
koml,1
kangayam,1
ferncreek,1
ouropreto,1
owosso,3
pontypool,1
heerenveen,4
richr,1
santaf,5
hisu,5
artigas,2
paragould,1
abay,7
daska,2
lucknow,9
kabankalan,1
mogok,1
mendip,5
lapai,1
helmond,3
yangiobod,1
tours,9
pickering,5
ikom,2
balayan,2
retreat,17
kopeysk,3
houma,3
fuji,73
larnaca,1
yefremov,1
mbanga,1
mountisa,2
rockingham,1
radom,22
lindlar,2
kosayagora,1
bilecik,1
shizuoka,5
bloxwich,1
kuju,2
pabbi,1
waltrop,1
korkino,4
gifushi,2
roseau,6
canelones,2
limoges,3
mairwa,1
tortosa,2
colomadu,1
fujioka,4
hagerstown,2
somerset,72
chessington,1
tangub,1
rondebosch,1
batyam,7
asuncin,1
hilo,20
shenzhen,5
otofuke,1
apan,6
tynda,2
goldengate,6
dedham,14
narut,58
palu,5
elbayadh,1
nantes,28
doba,5
kineshma,3
kirkuk,4
ueda,2
troyes,4
nagaoka,1
kulti,2
furukawa,2
walnutpark,1
palo,14
alfeld,1
dixhills,3
miskolc,5
palmi,3
deventer,7
malambo,1
tukwila,3
foggia,4
mathba,1
vacoas,1
ankeny,3
erding,1
bresso,3
champlin,2
santaluz,1
vyborg,4
akot,2
eastlondon,1
marib,1
rancagua,1
malacca,1
purbalingga,2
hamina,2
ippy,3
iskitim,3
narra,1
paloalto,27
uzgen,1
portangeles,1
tonawanda,1
florissant,1
zarzal,1
piombino,2
onega,9
caterham,32
clarksville,1
yerbabuena,1
jinji,3
gdll,1
komrom,1
giarre,2
fortbragg,1
plavsk,2
cikupa,1
kashimashi,1
fman,4
offa,6
waldkirch,1
lafalda,1
middlesbrough,7
ubud,3
kuching,9
garibaldi,11
sannicolas,1
elmonte,7
khei,1
nhatrang,11
twinfalls,1
olongapo,5
rapperswil,2
buin,1
peterborough,3
orchards,2
kondopoga,1
moorpark,2
omaha,52
fridley,6
newdelhi,20
kokopo,1
posse,27
braga,13
jerseycity,2
wisbech,2
zwolle,5
blumenau,2
revda,6
guatire,2
naumburg,1
amersham,16
weligama,1
lugo,13
roorkee,3
cherryhill,3
beek,12
stroitel,16
arzano,1
vilareal,1
recife,18
hanamaki,2
orcutt,1
dmitrov,7
chicopee,1
gelsenkirchen,1
benevento,1
limerick,35
lasarte,2
southampton,10
salekhard,1
mino,21
naga,30
simferopol,20
wamba,9
tamk,3
cholula,5
majalengka,1
xtiva,4
moirana,2
tuban,1
aleksandrov,11
nixa,1
shilovo,3
crespo,30
dubai,62
chaumont,4
gorelovo,2
mouscron,2
vinhedo,1
teguise,2
jhol,2
antioch,43
belgorod,24
saginaw,19
disq,1
pruzhany,1
lahti,2
pudsey,8
busan,3
pisco,4
kilkenny,40
turlock,9
haninge,1
kotovo,3
dunwoody,15
empalme,1
danang,20
arecibo,6
bello,60
urla,2
wolfen,88
highview,4
merke,1
kutaisi,5
santmart,1
breves,1
fortwaltonbeach,1
letchworth,2
gastonia,5
tavda,4
meudon,2
korba,2
allentown,4
youngstown,2
coihaique,1
rochford,5
boppard,1
idahofalls,1
pamulang,4
princegeorge,1
forthunt,1
nalchik,5
mikuni,7
aserr,1
polonne,1
millbrae,4
volsk,2
sandnes,1
barras,5
farum,4
whiteoak,10
busia,9
fuengirola,2
tsubame,3
essen,26
butzbach,1
brookhaven,2
sendai,4
shambu,1
casarano,1
fairwood,6
ceyhan,4
taranto,4
coburg,5
basrah,2
metepec,1
cainta,2
alajuela,4
achinsk,1
hardo,15
sanvicente,2
escondido,12
gandu,30
nepomuceno,3
lanciano,4
kunda,4
plainfield,4
jimo,3
chartres,4
druten,1
taurage,1
puan,1
lethbridge,2
scottsdale,5
limassol,9
walsall,20
caranda,3
mosman,7
sligo,8
quisqueya,2
kizel,1
bootle,9
irkutsk,15
delgado,59
pengcheng,1
curepipe,5
ruislip,2
tiel,2
seaham,4
boiscolombes,1
akola,2
vite,7
santabarbara,7
semarang,10
tulun,1
olching,1
angono,1
cheb,14
orlov,28
concordia,8
brovary,1
yurga,1
saltlakecity,1
sanmarino,4
cheektowaga,1
konnagar,2
riga,55
mildura,1
illescas,2
baruta,1
date,82
ruybarbosa,1
perovo,3
waddinxveen,1
milak,2
watsonville,1
vukovar,4
nouna,2
freiburg,28
maroubra,4
sherbrooke,1
lindau,5
magari,5
northcote,3
rossosh,1
guar,6
bessemer,5
santodomingo,2
kislovodsk,6
kahama,1
shahalam,1
koforidua,1
passaic,7
dundalk,8
orsha,4
kentau,3
pinner,32
lampang,3
amposta,1
singosari,1
mumbwa,1
mithi,3
sorsogon,3
norilsk,11
cayey,1
palmas,7
santacruz,35
corsicana,3
cifuentes,1
sano,35
saintes,9
pima,16
anantnag,1
nettetal,1
newmarket,3
anaheim,31
tumsar,1
chatsworth,1
vientiane,2
pirapora,2
daugavpils,12
mindelo,5
sagh,1
chkalov,3
mutare,1
barnstable,1
chusovoy,1
maldonado,18
wismar,2
dalycity,5
telavi,7
harstad,1
castelli,7
honiara,3
guelma,2
oshkosh,29
balashov,11
caltagirone,1
portici,1
jandira,2
hoofddorp,1
sasovo,2
littlerock,5
leek,10
mendes,25
langsa,1
murcia,10
lakeforest,2
moratuwa,2
pardubice,1
almada,9
darmstadt,3
rutland,32
kisarazu,1
sikasso,1
sinnar,2
francavillafontana,1
pyatigorsk,3
mutsu,1
teramo,3
arras,9
takb,1
midrand,4
nchod,1
makakilo,3
gose,4
oegstgeest,1
junn,9
chandigarh,7
homs,3
isiolo,1
lomita,7
sverdlovsk,4
bizerte,3
wichit,1
tomsk,19
homestead,10
cartagena,8
luxor,44
elkridge,1
wokha,1
guarda,7
suceava,3
poitiers,6
hound,112
lisieux,2
snah,4
zele,1
bloomington,1
owasso,1
yazman,2
mandya,2
slough,10
ermelo,5
kidlington,1
weirton,1
kolpino,16
karaj,1
sayansk,1
podolsk,13
nukus,1
hidalgo,26
labasa,4
vreden,1
tarifa,12
calw,1
herning,11
rochdale,25
vanino,3
ngod,1
thiene,2
belogorsk,1
quetta,8
laoag,1
macau,5
monsey,3
porterville,2
gondi,3
koppal,1
kediri,3
kotlas,2
bergneustadt,1
butterworth,3
farmington,2
villanueva,10
fatsa,2
venv,1
cedarhill,3
kubinka,6
smba,3
menderes,1
hackensack,1
allauch,1
halver,1
yangshuo,3
tonk,12
belm,3
registro,4
jember,1
madurai,10
carnegie,19
viterbo,3
deoli,1
kilifi,3
hennef,1
oakbay,3
ovalle,1
newtownards,1
kankan,14
bogdanovich,1
yorkville,2
loja,5
edegem,2
hochfeld,4
cceres,1
elcajon,4
caringbah,1
albemarle,1
rawmarsh,1
novalima,2
tudela,2
bozeman,29
randers,20
orillia,3
pankow,5
londrina,6
danville,24
dipolog,3
schio,1
guwahati,6
denpasar,3
matiri,1
leuven,11
hirado,1
cyangugu,1
nzvd,1
yehud,1
kohima,5
bmsn,1
ungheni,1
belfast,67
yaroslavl,15
greatbend,2
westminster,10
kitwe,2
marlborough,2
napa,36
khulna,2
rosedale,17
valladolid,5
atkarsk,1
auerbach,5
jihlava,1
floriano,1
nagpur,6
yucaipa,3
fajardo,8
dabra,2
aracaju,1
roubaix,9
limpio,1
vicksburg,5
bahr,3
karbala,2
machado,32
buderim,1
hede,1
willich,3
jincheng,2
dingolfing,1
altoona,11
poissy,1
maxixe,2
yashiro,2
boura,2
surprise,66
drogheda,3
herborn,2
fresnillo,1
bintulu,1
scarborough,5
niamey,8
enterprise,176
sukkur,5
haikou,1
alml,2
noisiel,1
guadalajara,13
neijiang,1
paraty,1
princealbert,1
arzamas,21
passos,2
paderborn,5
flagstaff,4
lagi,1
fuyu,1
parang,3
pacani,3
renningen,1
goris,5
labo,4
lysva,1
wanganui,2
toluca,22
montilla,4
gelendzhik,4
cavaillon,1
mattoon,1
fairfield,11
xindi,2
cachoeira,1
deaar,1
maracana,8
bannu,4
shibata,6
lier,10
antaya,2
kumbakonam,1
cotoca,1
tarawa,21
sliven,1
sestroretsk,1
tallahassee,3
lompoc,18
santuario,3
laporte,10
southgate,9
cheshunt,4
michurinsk,1
ardmore,23
novaera,2
aqaba,6
drammen,4
millcreek,3
geita,2
sarandi,1
gosnells,1
kalasin,3
santarita,1
neworleans,24
shanghai,109
halmstad,9
azov,15
riverview,5
iztapalapa,2
athiriver,1
daqing,6
attili,1
sokal,2
soissons,3
nabeul,1
valdemoro,1
beibei,1
nakhodka,5
vitebsk,15
rize,5
szczecin,5
volla,1
mnster,14
guangzhou,3
trutnov,1
abeokuta,3
tsvi,1
carini,10
puntacana,1
bhawna,3
beslan,7
faribault,2
ilhasolteira,1
sanjose,82
viersen,1
mongu,1
cairns,22
maltby,17
dubuque,11
hasselt,4
lesozavodsk,1
tsuchi,1
tonj,1
ingenio,8
hesperia,4
carballo,3
zheleznogorsk,1
hail,31
amla,2
mikkeli,6
bayamo,5
lebanon,69
ermenek,1
annim,2
monteros,3
losaltos,2
marn,11
mitte,3
chita,23
hotsprings,1
bethelpark,1
sirte,1
bicester,8
kikuchi,4
bloemhof,1
orai,1
kadugli,1
monsef,1
slatina,3
sanxenxo,2
owatonna,5
fomento,3
carcassonne,1
okhtyrka,1
tumaco,1
oakforest,1
bend,41
hrazdan,1
sandakan,1
kanash,5
grayslake,1
leeds,158
fords,28
louviers,2
soltau,4
norco,2
piura,3
montecarlo,54
mcon,3
belfort,4
oakpark,14
onalaska,1
matagalpa,1
podgorica,3
bdeh,2
imola,16
belovo,4
turinsk,1
tallaght,1
napier,28
njar,1
kristiansand,1
salor,3
kingisepp,3
sens,22
tirunelveli,1
elst,1
gaeta,29
earlwood,1
mulhouse,6
forbach,2
gondar,8
prievidza,1
nordenham,2
watertown,9
sonsonate,3
bergama,2
feodosiya,3
birmingham,31
faenza,2
leoben,2
tobruk,10
canyonlake,2
tauranga,3
thne,1
pittsburgh,36
ishimbay,1
kampot,6
gogw,1
ocoee,4
iganga,1
salto,7
marang,2
takayama,3
oujda,5
stoughton,1
huatabampo,1
khanna,8
argenteuil,1
aarau,3
palanga,4
iquitos,2
wrexham,20
wonosobo,1
koga,6
oldcity,2
turkestan,2
cassino,8
staustell,1
voznesensk,1
best,312
bijeljina,3
linares,15
spokane,36
naju,5
doetinchem,2
beloretsk,1
luga,7
qubec,1
okaya,1
zile,1
farsh,6
cincinnati,21
talja,1
iwata,6
cambrils,1
northglenn,1
blida,3
lisse,3
ansbach,13
nijmegen,11
doboj,1
zima,161
afrn,3
krom,6
reedley,1
sandyford,1
tegucigalpa,4
coimbatore,2
kalispell,3
milwaukee,23
novokuznetsk,1
kramatorsk,2
ishim,3
ostrov,40
forthood,3
pasang,2
iida,4
suita,2
hengelo,5
hyderabad,14
angri,1
sunan,3
uberaba,1
soron,2
rustavi,3
asheboro,1
tabira,1
phalaborwa,1
ryazan,10
malbork,4
lieto,2
biga,31
baybay,32
edmonds,20
sayville,1
manama,13
tolosa,9
smolensk,34
zvolen,1
neustadt,5
dibrugarh,1
edirne,4
clujnapoca,1
talitsa,3
framingham,2
obita,1
bharatpur,1
llandudno,1
nouma,1
hoboken,41
isfara,4
northbay,8
guarulhos,2
koper,7
noyon,1
krasnoznamensk,1
murmansk,34
pokrov,6
gaki,2
evansville,4
morristown,1
richland,24
strumica,1
eltigre,16
satuba,1
qianzhou,1
batley,2
tabora,1
sind,6
orangeville,1
fukuroi,2
kosan,4
annaba,5
vladikavkaz,7
brookline,4
cullera,7
rosarito,2
merelbeke,2
hyres,1
plovdiv,12
cheshire,79
indramayu,2
nienburg,6
heidelberg,11
abidjan,13
chilliwack,1
petrozavodsk,7
sigmaringen,1
silopi,1
penha,2
basildon,7
zottegem,5
ibaraki,1
burbank,40
kaarst,1
forst,7
kostomuksha,1
talas,7
oeiras,1
kotli,1
dundee,141
kholmsk,2
berga,8
manzanares,1
tuttlingen,1
vechta,2
pozoblanco,1
gampola,1
parla,3
sayula,1
sungailiat,1
vlos,1
salou,6
dondo,7
kambar,4
amarpur,1
saulgau,1
costamesa,1
saintpaul,2
burien,1
srvr,8
serov,15
kaduna,4
hermanus,1
argun,8
sukhothai,1
gandia,1
tigard,4
uvarovo,2
angleton,3
barrancas,2
chapala,4
libreville,2
libe,16
zakopane,6
geilenkirchen,1
havelock,14
nanao,1
sanfrancisco,17
tamale,7
rpar,2
dogbo,2
latakia,1
calaca,3
iper,1
parole,45
mirfield,2
iwade,1
gtersloh,1
kawasaki,457
darbhanga,2
sulphur,3
afas,5
nanchang,1
bussum,6
tawara,1
mushie,10
leskovac,3
aswan,9
rugby,441
haldia,2
montmorency,1
dilbeek,2
glenavon,6
montebello,3
estrela,30
espoo,1
tejen,2
graz,22
kulu,3
nyon,2
iiyama,61
koln,14
yima,1
balingen,1
janakkala,1
lumajang,1
badalona,7
ciudadreal,3
wenzhou,1
okayama,3
nots,2
bryansk,14
mangalore,2
cornwall,86
rockhill,12
brazzaville,2
parob,1
glencove,3
palmdesert,3
stade,5
klintsy,2
copenhagen,42
wenling,3
erba,5
yate,1
barcelona,343
monrepos,1
polanco,15
wigan,9
kreuzlingen,1
vulcan,224
huancayo,1
vose,1
anglet,2
bismil,2
sargodha,3
bucha,6
salaga,8
patobranco,1
bergerac,25
avignon,12
losbanos,1
cotonou,2
perth,31
buraydah,1
goslar,2
heiloo,1
aguadilla,1
salinas,73
gulfport,6
benghazi,2
kokkola,3
singen,7
losmochis,2
belpasso,1
zedelgem,1
muskogee,10
rockymount,1
prijedor,1
rostov,80
sandown,19
davao,5
parbhani,1
lombard,51
stolberg,4
southsea,3
newberg,4
fortworth,1
sansimon,1
maubeuge,2
goodlettsville,1
lofthouse,1
boscoreale,1
tyumen,6
trani,1
elpaso,70
lins,13
leonovo,2
nejo,3
macomb,5
yamaga,1
temirtau,7
calatagan,1
guider,1
kairouan,2
novozybkov,1
dorval,2
husum,1
lastunas,2
neston,6
dewas,3
ochota,2
muskegon,2
luxembourg,7
cutralc,1
lecce,5
surbiton,4
chivacoa,1
bandaaceh,2
fullerton,7
kissimmee,5
nabunturan,1
milpitas,4
charata,2
erfurt,20
hoorn,4
hajn,1
fortaleza,8
sisak,1
villach,1
berdsk,3
kirovgrad,1
negara,2
chesham,3
linhares,2
touba,1
beacon,123
samtredia,1
almelo,6
bursa,14
emden,5
laspezia,3
randwick,2
berkhamsted,1
plauen,5
minusinsk,2
waltham,18
jebba,1
dubovka,1
magalang,1
berber,34
cesena,6
elreno,6
pinal,5
baguio,8
dendermonde,1
estoril,7
stjohns,13
changde,2
onex,5
masasi,1
doda,43
avonlake,1
saco,10
zeist,2
tomelloso,3
baddi,3
odenton,5
grandrapids,2
soest,1
talagang,1
azrou,1
ldnn,1
mazyr,1
alytus,2
ruse,7
ajaccio,7
edmonton,75
fordon,2
jaguaro,1
sonri,2
aljahr,3
elpalmar,1
ramatgan,1
sapele,7
lemgo,1
daboh,1
tulancingo,1
linfen,1
paran,13
britz,2
osan,13
nerja,1
roslavl,8
lucaya,1
amritsar,10
jatra,1
prospect,83
rampurhat,1
melun,1
shostka,3
sasa,425
mokena,4
mozhaysk,2
lchi,1
tanggu,1
chamba,6
wenden,3
nevers,8
merefa,2
klpi,2
tantan,41
sebe,6
prato,3
chorley,3
sestao,1
aramil,5
heze,4
pandak,2
aberystwyth,1
samarinda,2
queenstown,1
usinsk,5
palmares,1
reinheim,1
tychy,3
annau,1
stthomas,15
reinbek,3
butte,33
asburypark,2
schiedam,4
huelva,1
cestas,1
torremolinos,2
tnda,2
kolr,3
nanam,1
shadrinsk,3
polangui,1
kolwezi,2
buturlinovka,1
akashi,5
caloundra,2
wilmette,6
belorechensk,1
wieliczka,1
turek,8
bremerton,6
fortdodge,1
attendorn,1
maracay,2
bucak,1
lagoulette,1
shrvn,1
pooler,7
boca,60
pompei,8
gloucester,6
ajmer,1
matamoros,7
paphos,6
chebba,1
sheboygan,4
jocotepec,1
toyohama,1
johi,2
jamshedpur,3
coyotepec,1
dieppe,5
kapotnya,1
xucheng,1
tuscaloosa,2
getafe,5
northport,3
belper,2
guayaquil,3
halifax,109
struga,1
sandimas,9
bayonne,19
granja,4
okegawa,1
paddan,2
unecha,1
mardin,1
ogre,65
acayucan,1
ponferrada,1
newalbany,1
djibouti,12
zift,1
prattville,1
oviedo,12
cerro,24
masaka,7
bottrop,2
ndola,1
auch,2
ystad,2
taunton,16
jaciara,2
karangasem,1
bonb,28
haarlem,11
tashkent,47
puma,200
benimellal,1
obudu,1
sandyhills,1
rnia,1
oshawa,8
ilave,1
sucre,6
kuang,87
vineyard,45
mountainview,1
ptan,1
tbilisi,34
prestwick,3
yalta,20
meise,9
santahelena,1
biarritz,18
varadero,30
afak,1
gjilan,1
blackwood,7
comalcalco,1
astana,57
lutsk,2
crystallake,1
mortsel,1
airdrie,4
ladner,3
gouda,17
barcelos,1
naka,36
guara,5
szarvas,2
pekanbaru,2
mukilteo,5
apolda,5
kottayam,11
brakel,1
gongju,1
veghel,1
livingstone,2
parral,4
lorica,2
pavlodar,9
reggiocalabria,2
oaklawn,2
nohara,2
albenga,2
jodhpur,2
pite,5
sibu,2
alatyr,3
metairie,4
strunino,4
zaqatala,4
komaki,2
moscow,338
joinville,2
danvers,7
znamensk,3
denizli,7
zahl,3
axum,4
banstead,3
eastsaintlouis,1
redcliff,5
plantation,3
faaa,3
seriate,2
friedberg,2
vegabaja,4
linz,21
bedi,4
erlanger,5
lianozovo,1
paarl,3
helong,1
malm,10
bassar,1
sanmateo,8
isser,2
betong,3
apatity,4
borodino,13
kumanovo,4
vasa,106
nard,19
stavropol,15
westbrook,11
ancaster,5
naha,4
perm,35
makoko,3
kudus,1
ojiya,1
montemor,2
prama,2
ktoya,1
summerville,1
guben,1
budaun,1
oxnard,30
uniondale,2
nagahama,2
bulacan,5
janesville,1
chatan,1
starodub,2
wakuya,2
rver,8
ranchi,6
polokwane,1
silvassa,1
kaluga,31
lobito,34
osijek,2
abbar,2
guau,1
magog,17
dgrat,1
avenel,1
barradocorda,1
dorsten,2
zaraysk,1
daru,5
seaford,5
albaiulia,1
leonberg,4
pagani,8
dzerzhinsk,2
aveiro,1
dankov,3
newark,80
sneek,8
xiaoshi,1
kherson,5
taiping,1
millerovo,1
beloit,26
monopoli,20
asino,1
atlanticcity,2
sijunjung,1
chls,3
capela,6
guli,18
antibes,12
uryupinsk,1
sortavala,3
calama,5
carrboro,2
vesoul,1
hilversum,8
aachen,25
kachkanar,4
elburg,2
chernivtsi,1
beaverton,2
salamanca,12
bergamo,12
warstein,11
snellville,1
cullinan,5
tualatin,2
kirovsk,5
gori,17
lampa,20
hami,19
khatauli,1
guasave,2
huixquilucan,1
bath,33
martos,5
tuapse,13
teruel,5
tamarac,1
liloan,1
murakami,23
freital,1
puyallup,6
gomel,8
ofallon,1
slonim,3
moers,4
ghos,6
votkinsk,5
sinc,5
mineiros,1
saintmarc,1
quilmes,5
safed,2
flensburg,3
muta,5
palenque,19
badger,682
kananga,2
maplewood,6
debrecen,2
snezhinsk,1
msila,1
kamenz,2
macclesfield,1
crotone,2
colombia,224
rebro,6
amadora,3
lecco,3
mafraq,1
orani,1
huacho,2
bangban,9
senden,2
cerquilho,1
panvel,3
eaubonne,1
snty,1
gainesville,2
toyonaka,2
weiden,2
formiga,9
lugu,2
iizuka,4
weener,34
kampala,13
tibo,9
soko,5
budapest,95
fairland,1
dillingen,1
patna,3
sevastopol,31
apucarana,2
horasan,1
bondowoso,2
brockville,2
imatra,2
qdin,1
viveiro,1
malindi,4
fairhope,3
lapaz,6
clamart,1
lubu,1
harr,37
sabzevar,1
moncalieri,1
skanes,2
lomalinda,3
norwalk,17
naranjito,1
scunthorpe,7
bikin,3
pagopago,5
pila,16
santotomas,2
asheville,5
sampit,2
chihuahua,21
bishkek,18
orihuela,1
olathe,5
vellore,1
albury,2
balsas,1
madruga,15
raxaul,1
erkrath,3
pontoise,1
lowerhutt,1
thevalley,5
singapore,65
maharagama,1
saugus,4
manavgat,1
itami,4
siegburg,1
arcata,5
ithaca,31
molo,12
urdaneta,4
salsk,3
wichita,30
lensk,3
daxi,1
cagua,1
daitch,1
valjevo,2
chumphon,1
take,148
senlis,5
raipur,1
dubrovnik,6
ishikawa,34
gombi,2
terme,2
franconville,1
mesquite,23
anshing,1
atbara,1
kayes,1
uithoorn,1
sarand,1
dunedin,28
khst,1
zhongshan,1
biancavilla,1
elkhart,15
shoreline,9
carcara,1
chillum,1
waldorf,30
syosset,2
wuhan,11
carthage,44
mascara,17
carbondale,1
limos,1
kazo,2
nyborg,1
hohhot,2
kibara,1
billings,30
sakata,12
hull,44
bdmi,2
runcorn,3
coalville,2
ponorogo,2
kouvola,1
etobicoke,1
staines,4
volgograd,39
baltimore,49
wodonga,1
banbury,14
alkmaar,11
mojo,438
gatineau,5
duitama,1
zacapa,4
kitakami,1
campobelo,1
burlingame,1
largo,43
balta,6
svda,3
boom,263
obihiro,1
zrate,1
nakuru,2
chem,55
jarwal,1
seram,1
padang,7
chingola,3
clydebank,1
piscataway,1
tarbes,3
arandas,3
portoviejo,1
westchester,1
mafra,1
pantin,5
wola,3
marple,8
pessac,2
olenegorsk,2
waterford,10
purw,1
cotabato,2
nuth,2
irapuato,4
sleman,1
poway,5
merano,6
sanignacio,1
pedregal,1
sibbo,2
velsk,2
newburg,5
overijse,6
homburg,10
gdynia,4
lahn,1
bridgetown,2
pamplona,16
ehingen,1
nuuk,5
rano,11
nebbi,2
abovyan,1
whiterock,2
barleduc,3
tobolsk,10
espinosa,17
brodnica,2
celle,6
beersel,1
eilat,6
raisen,3
starnberg,1
dodoma,3
ladispoli,1
maroua,1
kualapilah,1
hornsby,11
kalininsk,1
cookeville,1
gondomar,1
ballymena,2
senaki,2
porto,60
gige,1
vatradornei,1
westlake,30
renfrew,12
biysk,2
kourou,1
telgte,8
bugojno,1
goodyear,62
bhatkal,2
pozzallo,1
khpa,1
arnstadt,1
tangu,1
bertoua,1
barinas,3
petrovskaya,2
nikk,26
centennial,3
uchiza,1
cruces,3
jakarta,94
zacatecas,6
maicao,1
boavista,9
taytay,85
eindhoven,15
kriel,1
uran,25
southall,2
overland,24
armadale,5
lustenau,1
versailles,6
castlerock,4
soure,1
baras,3
opole,5
lacalera,1
bromsgrove,1
langenfeld,1
srinagar,4
muscat,31
kavaj,1
morrinhos,1
moncada,8
schroeder,14
atbasar,5
greenbelt,4
emmeloord,1
kalundborg,1
kosti,15
masis,6
kailua,43
colima,14
falkenberg,2
mbabane,9
yawata,1
changling,1
sylhet,13
wurzen,2
rockville,5
cabinda,1
moca,10
conchal,2
tupiza,1
beerse,1
binka,9
temuco,10
sokolniki,2
blomberg,6
almora,1
morioka,6
sasebo,7
solol,2
tiaret,2
billericay,2
kalmar,17
poltava,36
scranton,31
weinheim,1
angarsk,8
elkton,9
inglewood,8
masindi,1
kikwit,2
spoleto,3
amarillo,46
resende,4
lublin,11
koidu,1
mandera,1
kassel,28
beveren,2
laksar,1
abqaiq,2
saltodepirapora,2
kovel,2
manta,62
cloppenburg,2
vrbas,1
novomoskovsk,1
muar,2
wadowice,2
yalova,2
watford,87
olecko,1
portelizabeth,1
taipo,2
kobayashi,6
tororo,3
oldbridge,2
bitlis,1
balbriggan,1
hiltonheadisland,1
tiziouzou,1
mandl,2
zunyi,1
valsd,1
larkhall,1
antipolo,1
adapazar,2
blagoveshchensk,1
jamkhandi,1
bautzen,2
vadi,11
baena,1
assab,1
jacmel,1
langepas,4
mohali,3
skokie,15
pueblo,27
peterlee,2
kanazawa,11
prado,52
bangkalan,1
kheda,1
pundong,1
yangzhou,2
iturama,1
tokmok,2
calvi,23
brah,5
cajamarca,2
bourgoin,1
tarija,5
jacutinga,1
kingsport,2
overath,2
tortona,1
weesp,1
moreni,3
bambu,8
chelyabinsk,4
bisceglie,2
highpoint,4
desnogorsk,2
palotina,1
bensheim,2
bellshill,1
lede,5
santateresa,3
okemos,7
hoji,1
sanmarcos,2
castres,1
morshansk,1
novara,7
tarkosale,1
springe,12
lakeshore,11
esquina,1
longmont,4
xiangxiang,1
praia,3
castelo,7
enugu,2
lodi,19
melilla,4
nakano,10
olsberg,1
ragusa,11
plasencia,1
kuusamo,3
riobonito,1
fairborn,3
chiautla,1
arezzo,4
anamur,1
delaware,72
camanducaia,1
romsey,3
torit,4
kayseri,10
buffalo,743
malakoff,4
youssoufia,1
biddulph,3
troutdale,1
elcentro,1
datteln,2
dourados,9
pacasmayo,1
torreannunziata,1
lalor,1
aaraf,1
vyazma,1
plainview,3
dumba,2
sansalvador,3
springfield,26
parnas,5
mochudi,1
catanduva,1
bothell,5
waukegan,8
anoka,4
bridgeview,1
massy,7
ascot,17
brila,1
kingswood,6
muncie,14
buguruslan,3
gardena,17
agen,4
lingayen,1
svalyava,1
kurganinsk,2
oosterhout,1
kerava,1
sumy,3
bellview,7
melenki,1
gingee,1
zelenograd,9
durg,3
aral,18
sterlitamak,9
sangil,1
pampa,20
ilopango,1
redditch,3
molave,1
dormagen,2
marosi,1
noshiro,2
grajewo,2
vlotho,1
susurluk,1
glan,5
fuqing,1
lugano,70
honolulu,91
kangar,5
shumen,2
albacete,7
kamo,14
stakhanov,1
kurchatov,1
harpur,2
chongqing,1
gronau,1
centerpoint,1
fairlawn,3
dimitrovgrad,1
orleans,55
hameln,2
kirishi,1
nide,2
elmhurst,12
mirandola,2
gaillimh,1
naryn,2
luckeesarai,1
wooster,43
kearny,8
mersing,3
bradenton,3
cheboksary,5
hert,6
wunstorf,2
imus,5
kedrovka,1
zonguldak,2
doncarlos,5
catarroja,1
deerpark,23
bourges,3
olot,2
bileti,1
patern,1
pyongyang,1
castries,1
parkridge,1
ausa,3
cayambe,2
minsk,49
syracuse,173
paraiso,26
tullahoma,1
nidderau,1
moyo,1
gabs,7
tewksbury,1
brummen,1
neunkirchen,1
preetz,2
bckn,2
tafo,3
most,33
blainville,1
sapporo,16
marblehead,2
jenison,5
molfetta,5
cosqun,1
agoura,3
mooka,2
ashgabat,4
dindigul,1
campos,47
gaziantep,2
newhope,27
oceanside,11
medak,1
kosamba,4
penicuik,1
stif,8
germantown,2
bournemouth,3
sonpat,1
izegem,1
jumilla,1
xico,3
yerevan,11
huahin,3
rezh,2
dhone,1
klna,2
ridgecrest,3
myrtlebeach,1
eastridge,1
tokuyama,1
seminole,246
esbjerg,13
brank,5
hazleton,5
pskov,12
zomba,9
cananea,1
cartaya,2
pizhou,1
redlands,19
miyata,18
dietzenbach,1
kehl,1
havza,1
leverkusen,7
hepo,3
chacabuco,2
westend,26
salisbury,12
pontal,1
elbasan,1
volgodonsk,4
garches,1
brecht,14
rylsk,1
abnb,2
jauja,2
manzini,1
mombasa,12
berekum,2
montclair,4
agoo,1
sagara,15
mountaintop,2
wickford,5
addisababa,2
lere,2
karabulak,6
tumwater,5
lockport,1
roblanco,1
radeberg,1
yonkers,28
livonia,4
sanjorge,1
strausberg,1
affton,2
araguari,1
hermosa,37
nakamura,31
manosque,1
cuman,1
puno,5
colombes,4
tuni,5
romny,3
shirdi,3
kant,38
smila,6
portishead,14
lilongwe,2
pavlovo,4
mankato,15
bardejov,4
bumba,12
pokachi,1
finglas,2
burlington,8
sitten,4
mandan,11
hiroshima,6
darende,1
buga,13
bareilly,2
kitale,1
kolea,6
tnan,1
tamazunchale,1
colchester,11
abingdon,14
shaoxing,2
rostovnadonu,1
sarnia,5
kovdor,1
orsay,2
shively,6
escada,28
diadema,9
blanes,4
xihe,1
werder,132
lapa,71
eschborn,2
kirksville,1
mesagne,1
bloomfield,7
manjo,2
beaverdam,1
oborniki,1
blabo,2
pias,3
saintdizier,1
awall,5
trujillo,27
stockholm,20
fokino,1
rimouski,1
bangkok,229
grefrath,1
frontera,42
chomutov,1
petaluma,8
bahl,3
porthueneme,1
coloradosprings,2
bibirevo,3
essendon,39
alark,1
holladay,1
malatya,6
ninomiya,4
perumbavoor,1
nashville,33
gabrovo,2
laroda,1
baytown,14
boryslav,1
yashan,1
vitrolles,1
matsumoto,4
pasn,2
seversk,6
cremona,16
sunm,2
baghdad,33
purwakarta,2
jhelum,4
cantonment,1
marmaris,16
alsip,1
richfield,2
newbury,15
cloverleaf,5
oswestry,2
yomra,1
sanmiguel,6
tayga,6
bajbaj,4
torhout,2
abobo,3
capivari,1
boiro,1
varanasi,5
rubidoux,1
yamaguchi,2
kongsberg,1
chiredzi,1
beypore,1
asbest,10
delhi,27
lage,8
sosnogorsk,2
abuja,2
kman,65
fayetteville,1
utena,4
gemlik,3
slavuta,15
rabat,20
sivakasi,1
corozal,1
sulzbach,1
nablus,2
redwing,201
bogo,16
hian,1
syke,3
rijeka,8
humble,61
salamina,1
hanoi,20
ancud,1
udaipur,4
avondale,25
chatra,2
borsad,1
vancouver,65
tsuenwan,1
sousa,18
jand,7
songkhla,1
rioja,5
fargo,85
brunswick,12
betl,1
solano,18
suitland,2
pentecoste,2
carrefour,10
yono,1
bangui,7
hita,3
triba,2
canberra,29
brezina,3
venezuela,21
lohne,1
aksu,11
caerphilly,1
paducah,4
banbridge,1
carrara,6
voorburg,5
bidbid,4
bastos,45
huizen,5
shillong,5
yuyao,1
pisa,12
placetas,1
ripon,9
kibondo,1
dhaka,19
burriana,7
bratislava,3
barneveld,1
chennai,25
chor,2
brixham,2
antelope,79
cueto,2
armeria,2
caratinga,1
belalcazar,1
kremenchuk,1
santarosa,9
pontianak,1
barra,29
kudepsta,1
sibolga,1
suez,7
alul,2
masbate,1
funchal,10
naples,66
butare,3
changchun,1
paysand,2
shakopee,2
girona,11
estepona,3
paln,3
baksan,2
angers,13
guilin,3
midvale,4
llin,2
chernushka,2
banting,1
moriyama,1
wedi,1
lingen,11
ubatuba,4
rutana,2
saskatoon,7
toowoomba,2
petrich,2
kennesaw,11
oroville,2
lubumbashi,1
yogyakarta,2
horgen,4
kamloops,9
elkgrove,2
sumber,1
lahore,72
schwerin,3
leduc,21
niagarafalls,1
krosno,1
bahjoi,1
fredericia,7
irbid,2
vitr,2
urmston,1
nesher,2
arsk,6
lansdowne,6
seoul,23
canidelo,1
melgar,4
bekasi,4
comrat,2
zafra,3
brno,3
hakodate,2
maur,17
ningbo,3
burgos,26
laguna,231
dimpur,1
pestovo,2
palmdale,6
yoshkarola,1
murrieta,5
americana,9
banyo,1
truro,6
delft,6
naas,1
ottawa,87
dubbo,1
loanda,2
hinche,1
cornaredo,1
angren,3
peoria,37
mandalay,21
zevenaar,1
cirebon,1
solna,2
melati,10
saml,6
widnes,3
kuta,14
moraga,3
kisumu,4
medan,7
catemaco,2
colmar,7
verval,1
cochin,11
amstelveen,2
kolding,18
misawa,28
haren,3
peto,5
dortmund,72
whiteplains,3
krefeld,9
maubin,1
gossau,1
santaana,9
durazno,9
allendale,3
nishio,3
yamagata,2
saransk,22
babana,4
campana,6
zadar,9
shiwan,1
meftah,1
bocaraton,5
jega,2
letterkenny,1
coronel,5
toyama,8
illingen,1
klaten,4
rouen,1
chipinge,2
lopburi,1
meppen,5
isleoflewis,1
keswick,10
alot,25
hasaki,1
senago,1
nagold,1
colomiers,2
senftenberg,1
trebinje,1
prestatyn,1
kuche,2
gukovo,2
arapiraca,3
gentilly,3
brunssum,3
etwa,2
kashiwa,2
pimentel,9
seluk,1
kanevskaya,2
eldoret,1
vapi,1
rinteln,3
nuevarosita,1
rastede,2
horsens,12
wako,2
weru,2
caen,6
usera,5
oradea,3
loures,3
cham,21
magadan,63
upland,24
seaside,77
monaco,154
gaur,5
diemen,1
slagelse,14
murom,9
lagarto,24
araras,1
kogalym,3
gardencity,3
yokosuka,16
frankston,2
apex,60
esik,9
krasnoyarsk,9
banjar,2
obando,1
oyan,2
ulanude,5
sassari,10
terrehaute,1
prnu,1
horizonte,2
chacao,1
kinel,3
tripoli,32
ahar,3
protvino,8
iwakuni,15
kranik,2
keystone,170
marsberg,1
wakeforest,2
klol,1
lappeenranta,2
kiffa,2
northfield,4
tantou,2
manaus,4
samobor,2
waterloo,228
bustos,6
caet,1
cheonan,1
ibadan,3
clearwater,7
pechora,6
tepic,5
sarajevo,59
basotu,1
arjona,8
strasbourg,6
juizdefora,2
yazd,1
lattes,3
zimovniki,2
somerville,4
bingley,3
lasvegas,593
hadera,2
cuxhaven,3
surin,13
kalisz,7
pleven,3
luanshya,1
paithan,4
barnsley,33
eastpoint,2
viseu,1
penza,28
honj,1
akron,19
losangeles,64
guadix,2
pszczyna,1
cumberland,12
jhsi,1
danapoint,1
beverwijk,1
siracusa,6
pljevlja,1
belleville,4
stockport,6
marlboro,986
businovo,3
rijswijk,1
matam,1
biloxi,15
sovetsk,8
noto,5
sieradz,1
binmaley,1
mbak,4
devonport,2
jenks,8
johannesburg,4
ishii,6
carrickfergus,1
leusden,3
mococa,1
galatina,1
diadi,1
sanramon,4
paraso,3
maghull,1
oberkirch,1
konz,4
muttenz,12
duisburg,20
castlehill,1
mainz,12
solingen,8
zanzibar,87
winsen,1
brokenarrow,4
panji,3
fuling,3
oakgrove,9
sanjos,16
artashat,1
vinces,5
centralia,5
shengli,1
bearsden,3
sukabumi,5
empoli,5
sanblas,2
castlewood,1
palmeira,17
mumbai,33
cochabamba,3
udachny,1
penalva,1
zelenogorsk,1
mieres,1
bushey,6
charsadda,1
bantayan,2
saronno,1
morong,2
kearns,12
takoradi,1
bnsi,2
mustang,4206
losser,6
tampere,4
erlangen,6
werribee,2
maumere,1
puttr,3
carlingford,1
tacna,1
kgal,4
tsuruoka,1
hoogstraten,1
arnhem,36
rottweil,30
penarth,3
woodbury,15
westland,9
banr,3
wantagh,4
buckeye,377
seremban,4
yanta,2
folsom,32
ryde,3
skive,3
baao,1
siegen,6
dimona,10
santol,2
leport,1
altos,3
mississauga,1
fukuyama,13
basi,7
kozan,2
aguadulce,1
gulu,5
prescot,2
zapopan,1
rsta,3
valmiera,2
amesbury,3
zainsk,2
douarnenez,1
wejherowo,1
kemerovo,23
baracoa,1
suvareka,1
bundaberg,4
jaguaruana,1
leawood,5
nacka,2
butembo,2
lisakovsk,1
kitsuki,1
paxtakor,1
belvidere,1
sinanju,8
cannock,1
thul,2
petrogradka,3
weert,4
viljandi,3
mixco,1
purmerend,2
silverspring,1
kolkata,19
fortmyers,2
amherst,45
nagar,6
catu,3
slan,8
istok,7
barysh,2
blackpool,22
banaybanay,1
riogrande,3
tarakan,98
nsukka,4
chiangmai,8
mwanza,4
gagarin,83
pemalang,1
kowloon,19
shiki,12
ranchocucamonga,2
palencia,7
hurghada,8
kigoma,1
hamada,20
suva,6
gibraltar,9
lebu,1
salt,110
blenheim,26
karaman,9
amsterdam,229
gisborne,1
vaduz,13
batangas,1
kijang,5
annabk,1
norwich,115
hotan,1
tucum,1
moquegua,1
anyang,2
suncity,7
juanju,3
cardona,6
lamo,16
warrington,2
sugarhill,5
antrim,22
gaborone,6
crevecoeur,1
castillejos,1
liaocheng,1
lhasa,8
tinsukia,1
bougouni,1
talcahuano,1
popovo,1
ganye,1
tarma,1
natchez,63
kigali,6
karabanovo,2
carmona,14
floridia,3
penco,1
alwn,2
coln,2
taastrup,3
imperial,195
linyi,1
feni,6
pretoria,21
stains,7
karlsruhe,5
kindia,2
dushanbe,9
burntwood,1
jagraon,1
arayat,1
campeche,4
marchena,2
albufeira,4
miyang,2
mulanje,1
kostanay,2
golyanovo,1
severomorsk,10
leiria,2
prague,81
changuinola,1
itupeva,1
indri,1
chimoio,1
portadown,1
machida,4
montevideo,8
rhoon,1
ibeto,1
foso,2
zutphen,2
zhlobin,1
paolovi,1
saiha,6
cadiz,8
janeng,2
bidos,1
pedroso,4
bukavu,3
gautier,16
paramount,15
dhing,1
cleckheaton,1
maseru,6
oakville,17
sittard,2
altamont,12
kerkrade,1
rakvere,4
split,66
faro,32
louth,4
gombong,1
yablonovskiy,1
altai,12
bury,13
stcatharines,2
rahway,6
kabare,2
jardim,5
taal,3
huejotzingo,1
ventanas,2
woerden,6
moabit,2
khada,1
caldas,4
prichard,5
arcore,1
brussels,33
pinecrest,5
okra,15
maricopa,12
esenler,1
chilln,1
orizaba,3
oregon,202
warendorf,3
banh,1
mogadishu,2
defiance,27
oakdale,19
ribarroja,1
karnobat,1
czyca,1
doisvizinhos,1
salvatierra,1
kimbe,5
satna,3
hamburg,232
pemba,1
yutan,1
brhl,1
muan,2
nuneaton,6
cartago,5
baeza,2
issoire,1
lenexa,2
motru,1
minneapolis,4
diamondbar,1
yoro,3
kstovo,3
elche,7
northbrook,1
willemstad,1
vignola,2
sanbernardino,2
sandla,1
skar,6
indore,3
taganrog,17
suzuka,15
andol,1
camarillo,3
missoula,20
subic,4
piracaia,1
haugesund,1
magna,64
saar,8
trabzon,13
wilmslow,3
trbovlje,1
llanelli,11
marrickville,1
wuchang,1
pisz,1
coopercity,1
takahashi,10
susaki,2
manzanillo,1
melzo,1
latur,1
englewood,4
radebeul,3
ankara,71
kluang,1
yozgat,7
tabou,4
twinsburg,1
buenavista,8
salatiga,1
cronulla,6
gwadar,1
atami,1
sawangan,1
northshore,5
bornheim,2
corcoran,14
prata,3
schwabach,1
fgra,2
arese,2
cahors,5
kingsland,13
portsmouth,18
sanrafael,2
nizw,1
losgatos,10
eboli,1
brusque,2
delcity,1
wolverhampton,3
tupi,1
sondrio,4
mdab,2
johnstone,3
drachten,1
oliveira,58
aprelevka,2
boda,20
westmont,8
licata,2
lyantor,1
cochrane,14
vincennes,3
sepuka,1
murree,2
saalfeld,1
nattam,5
tinde,1
woonsocket,1
yamoto,1
oguta,1
sevran,1
apam,4
victorias,4
zemun,4
tete,53
rosso,25
redcar,120
akureyri,3
nogales,14
brindisi,11
annarbor,19
rangia,1
sanpedro,27
perov,8
asky,3
jall,1
nakhonnayok,1
itaporanga,2
skikda,2
altamira,11
sarzana,2
surgut,33
tomsriver,3
haan,4
ambato,4
sharjah,5
broadstairs,1
benoni,7
donghai,1
santaclara,1
westport,32
sector,88
bauru,3
virovitica,2
stoneham,9
ipatovo,1
bedworth,1
mpanda,1
maihar,1
honda,1346
owensboro,1
balezino,1
medemblik,1
surabaya,18
hilden,6
bacabal,1
caxias,4
frederikshavn,7
spalding,48
entrerios,1
geraldton,1
houten,5
lobnya,3
ubat,1
ubrique,1
jatani,1
cuernavaca,3
bireldjir,1
erdenet,1
cervia,1
binche,1
countryclub,1
arkla,1
figueras,6
iguatu,1
udine,4
waipahu,8
lavista,3
towson,26
himeji,4
wittstock,1
cergy,1
kasterlee,1
gliwice,6
dietikon,1
chur,7
takasaki,3
kathmandu,21
jijel,3
carnot,8
calp,5
rubtsovsk,2
dalnegorsk,1
stokeontrent,1
konakovo,10
chios,1
skopje,11
comayagua,1
chipiona,2
gobindpur,1
bhopal,6
puli,6
fresno,78
karabash,1
izhevsk,4
kempston,1
kariba,4
papeete,2
pinhais,1
chudovo,1
silang,2
portoalegre,2
livin,17
montreux,13
rivas,7
namangan,4
suzhou,1
lospalos,1
lackawanna,1
dammam,5
kenema,1
portsaid,2
travnik,4
garca,4
cajati,1
kyzyl,2
pushkino,2
hakkari,3
pirkkala,1
keywest,165
batonrouge,1
tirana,18
gediz,2
lankwitz,2
upperhutt,1
ceret,2
gosty,1
egra,1
musoma,1
giovinazzo,1
liberia,16
williamstown,1
loveland,16
svitavy,1
puertorico,26
majadahonda,1
chibuto,1
apas,3
numata,2
skien,3
kapellen,1
worms,80
hereford,37
onomichi,2
aleksin,7
greenbay,162
plang,1
kendari,1
monor,2
veracruz,24
guaynabo,2
atlixco,1
paramus,9
bunda,24
yesan,1
ibarra,8
davenport,14
manakara,1
moulins,1
rostokino,1
tianjin,5
nago,10
corinto,1
bobrov,19
centurion,45
islip,2
vichy,9
pout,3
stockach,2
lillehammer,2
newportbeach,1
chemnitz,9
katowice,3
krasnoufimsk,2
buenosaires,6
kronach,1
gangtok,3
mend,9
kyab,1
beli,11
cant,28
bayreuth,8
guane,1
katavivanovsk,1
buri,4
douala,4
gombe,1
thiruvarur,1
palau,8
silverdale,2
sosnovka,5
ooty,4
sebu,5
bolu,1
blaj,3
shreveport,6
chepo,3
legionowo,1
hermitage,6
bochum,36
iloilo,15
wyckoff,8
tanguita,1
kollam,1
soroti,1
camborne,3
meerut,4
udomlya,1
chilaw,2
clichy,2
meru,4
alfter,1
middelburg,3
bengkulu,3
bellmore,2
buti,7
talisay,1
pasing,1
stra,20
igra,16
westfield,12
caic,2
maramba,6
dellys,2
baki,16
pare,10
lozova,1
arsin,2
pveh,1
invercargill,1
ropar,1
timaru,1
mornington,8
issaquah,9
antananarivo,3
eska,3
abasolo,1
mayma,5
pacho,14
lvis,13
legaspi,4
roosendaal,1
kadiri,1
lonavla,1
shetland,24
rodniki,4
deutz,5
cardenas,27
vannes,2
barranquilla,3
villaverde,1
choma,1
osuna,3
mudon,1
hollola,1
ende,12
vologda,36
prosek,3
maidstone,2
kairna,1
liberec,10
eupen,2
dyersburg,1
salyan,2
seatac,6
elko,13
atalaia,2
dinuba,2
mathura,2
trindade,5
pilsen,7
durban,27
elmada,1
walsrode,1
jeddah,12
necochea,1
koksijde,2
bedong,1
elmirage,1
auxerre,13
worcester,6
auckland,87
cesenatico,4
lewiston,12
bnen,2
cottbus,4
kakhovka,1
oldenburg,6
humacao,1
pangar,1
meads,3
arrass,2
jojutla,2
braintree,2
frascati,1
saintlouis,2
agde,4
dartmouth,15
buhi,2
sfax,5
albstadt,1
fostercity,2
nsawam,1
qingdao,3
lamu,2
riodejaneiro,9
harrisburg,5
provo,11
colinas,1
chulavista,3
abac,5
mubi,3
lehrte,1
haverhill,2
waregem,1
doma,44
roxascity,1
glba,1
novocherkassk,2
morr,20
grazhdanka,1
pekin,19
ramsgate,10
ratingen,4
millau,3
hopatcong,1
terter,19
derbent,9
vidin,1
forl,1
fatwa,1
wuppertal,6
bagamoyo,1
posadas,1
guayama,5
olho,1
vilafrancadexira,1
hazeldell,1
merzig,2
ahaus,1
kosong,5
fortlee,3
fortwayne,5
schwetzingen,1
maarssen,1
ercolano,2
sycamore,39
glenview,6
leninsk,2
santapaula,1
gahanna,2
atyrau,2
sambir,5
ypsilanti,4
axim,6
chaparral,4
srat,3
balzar,2
northallerton,1
tallinn,41
volendam,1
novato,16
erzincan,6
shiroi,1
stuttgart,36
panna,5
oberhausen,1
langen,8
tulu,5
monthey,2
coventry,85
bastia,10
milwaukie,1
ushuaia,2
nandu,6
muggi,2
nakama,8
oyama,7
grantspass,1
chone,2
leipzig,37
borisoglebsk,1
ieper,2
kamba,9
manchester,328
parkland,19
vantaa,1
farragut,13
calgary,135
prenzlau,1
fethiye,3
olsztyn,3
rengo,3
alicante,33
cardedeu,1
covina,10
lermontov,11
avellaneda,4
levice,1
lentini,4
peterhof,1
keskin,3
naze,1
boskoop,1
yauco,1
tabuk,1
tulle,12
kuna,13
orpington,2
tirur,1
barnstaple,1
cumbum,2
kotelnikovo,1
pitanga,1
paterson,32
poso,1
teapa,1
sanlorenzo,7
teziutlan,1
hillsboro,7
feira,4
mariara,1
hinsdale,4
holstebro,7
pirmasens,3
howick,3
soweto,6
mongo,162
pori,1
matola,1
buchen,2
telsiai,1
aarschot,1
kirzhach,2
yala,6
visby,1
picos,2
tapachula,2
altea,5
osmanabad,1
pradera,3
duba,7
