holt,27
mustang,4206
mexico,772
minato,21
marlboro,986
howard,609
dallas,2156
chicago,1299
dalton,231
mercedes,1280
paris,709
douglas,644
sokol,158
toyota,1178
golden,1194
lala,357
martin,2191
kara,181
nice,228
lasvegas,593
napier,28
taylor,2078
corona,420
lucas,701
isparta,4
miami,533
bear,1634
summit,200
casper,1341
bentley,304
rogers,236
police,826
asha,55
erskine,15
batman,3059
manga,135
mason,508
harvey,479
whitney,283
normal,117
orlando,421
jasper,1285
honda,1346
marina,2216
mari,432
mitchell,419
orange,2006
newton,420
brandon,1511
parola,232
eagle,1693
hamilton,309
carcar,59
machi,23
riga,55
austin,2163
orlov,28
lourdes,80
madison,1206
clifton,95
brant,19
vulcan,224
phoenix,1695
hurst,41
campbell,291
dole,35
vinces,5
sousa,18
jupiter,666
highland,290
doda,43
berlin,556
detroit,493
george,2628
tracy,354
boca,60
roman,1039
keystone,170
caterham,32
adam,1296
nava,13
bama,249
griffin,361
wright,237
toul,2
holden,375
stanton,98
bell,380
vercelli,6
laval,16
billings,30
boston,1403
david,2572
herve,39
lugano,70
london,1702
parker,922
prospect,83
plato,170
oakley,213
anderson,546
bismarck,67
chelsea,2046
kendall,175
wilson,986
march,872
lansing,191
brad,486
kawasaki,457
dasha,1145
chico,362
marino,459
pearl,337
mobile,274
green,2129
portland,212
young,529
jackson,1737
moline,24
homburg,10
sake,33
buffalo,743
anna,3171
podolsk,13
singa,5
goodyear,62
hopkins,122
bedford,93
florida,1047
folsom,32
virginia,437
chester,1375
gary,605
darwin,274
kati,127
lara,307
vera,783
bradley,567
sunset,469
hercules,394
ariel,196
dayton,121
zima,161
tata,533
newport,478
westport,32
croix,9
tirana,18
crystal,1202
torres,216
badger,682
daman,133
walker,699
stanley,677
lahore,72
carolina,601
bergen,98
soledad,87
hanford,20
levin,46
doka,16
denver,616
benton,87
ajax,186
delta,979
norton,438
nelson,756
laurel,153
nago,10
achim,34
dyer,23
merrick,49
central,216
mach,172
dixon,81
vladimir,646
sunrise,303
boom,263
halifax,109
kobe,287
khna,2
liberty,651
springs,79
nikki,710
easton,112
moss,140
toronto,376
nitra,9
hale,44
hastings,192
gardner,87
harrison,372
allen,572
hudson,287
shimoda,7
auckland,87
daphne,190
tara,339
xiangxiang,1
santos,264
wantagh,4
alice,477
eureka,144
tupelo,50
nadi,63
colorado,417
irvan,7
verona,190
dearborn,17
delft,6
lemont,15
baghdad,33
pasadena,87
delaware,72
baldwin,123
mito,23
tucker,934
burton,536
mila,281
cheyenne,394
girona,11
victoria,1095
werder,132
kikuchi,4
paradise,553
wayne,459
logan,809
memphis,303
arnold,550
cali,186
tequila,277
bowie,106
holland,359
franklin,478
eugene,523
clive,51
bark,67
mojo,438
anthem,52
cork,48
kent,405
norwich,115
rome,109
belr,2
dean,403
willoughby,5
turbo,773
sterling,369
subic,4
washington,103
rafa,181
zrenjanin,5
edgewood,20
dome,141
alain,118
stafford,74
okra,15
madrid,277
burnley,49
bafra,23
edison,132
bryan,477
donna,381
frisco,198
nokia,2270
noto,5
redwing,201
seattle,437
hamburg,232
rugby,441
graham,330
shelby,895
pinto,124
montero,74
antonina,97
altona,10
helena,329
seminole,246
columbia,238
duncan,547
alicia,565
marion,341
holiday,453
bastos,45
monroe,269
honolulu,91
easley,15
jaso,62
hicksville,4
cocoa,142
zion,50
brent,310
akita,50
lion,555
shoreline,9
stockholm,20
ontario,90
leme,2
oakhill,10
sidney,349
garland,68
ramon,147
oviedo,12
gilbert,320
mary,745
melle,11
weston,99
tucson,91
quincy,208
bayreuth,8
carouge,1
muttenz,12
santiago,240
whittier,21
aloha,229
chandler,301
mackay,28
naes,17
guna,7
pula,32
yukon,141
cambridge,54
cordova,29
mono,63
oral,86
alfy,13
hobbs,56
reno,146
ribera,5
gretna,7
lacrosse,575
spandau,17
tacoma,267
eden,83
eska,3
greenbay,162
desoto,33
sosa,98
metz,25
sanjos,16
kirkwood,38
barrie,32
sevilla,56
xtiva,4
pontiac,462
carlisle,62
adrian,689
benicarl,2
wadern,1
nippes,4
alul,2
avon,73
nogales,14
estelle,83
atlanta,431
davis,339
santana,214
beverly,183
solon,20
jolo,8
kaya,63
andover,46
sydney,893
lawrence,397
buckeye,377
sano,35
dijon,12
savage,517
stpauli,11
cicero,143
florence,267
kearns,12
magenta,89
beek,12
barnet,40
jakarta,94
peabody,78
clovis,89
troy,261
oregon,202
norman,559
beni,23
utica,16
arlington,27
avignon,12
bender,280
zagreb,29
teresa,589
liverpool,976
union,136
barry,368
brisbane,52
garfield,693
berkeley,88
carnot,8
ganja,130
amos,100
suisun,6
ibiza,69
venice,152
babu,66
alvin,128
euclid,76
gige,1
mend,9
murrieta,5
mori,46
sparks,172
bondo,18
hollywood,180
datteln,2
antony,117
kaka,298
bristol,182
irvington,3
auburn,289
forst,7
murray,293
algiers,16
bremen,94
hull,44
trinidad,152
budapest,95
emden,5
kamo,14
salvador,154
laredo,54
leduc,21
nuneaton,6
boulder,99
hagen,45
wilton,34
linden,89
tenn,52
hitachi,96
reading,145
silla,6
warren,365
vasa,106
brooklyn,697
kokomo,93
kard,7
stockach,2
montana,723
phayao,2
loveland,16
bora,59
kamina,16
hisu,5
lynn,341
melo,50
lewiston,12
chinchin,48
waterloo,228
sherwood,141
pilar,54
buenavista,8
mentor,109
munich,108
bellevue,39
lamesa,36
ferrara,25
mongo,162
dietzenbach,1
arar,25
vinh,10
bautzen,2
shashi,22
nigel,126
derby,104
bern,67
inca,25
beverley,58
flint,121
take,148
vitebsk,15
imperial,195
osaka,36
nashua,28
penicuik,1
losgatos,10
salem,181
kiel,20
lakota,127
somerset,72
padra,2
durango,257
ripley,170
ardmore,23
hermosa,37
miki,189
valera,719
gabs,7
salinas,73
serik,70
sanya,450
luba,207
tema,417
gera,209
warwick,83
tonj,1
bello,60
baybay,32
nazar,179
anan,73
bimbo,234
sika,19
posse,27
keswick,10
sheridan,95
carlsbad,17
addison,114
adelaide,71
adler,77
bogo,16
vernon,190
larnaca,1
sedan,20
bayside,43
medford,37
moreton,6
henderson,49
ramsey,119
stuart,322
regina,505
harper,183
lincoln,521
jena,38
belmont,102
canela,52
alma,136
eltham,5
salt,110
spokane,36
jona,54
meridian,202
boone,64
jamaica,332
martinez,205
sylhet,13
lama,66
kaunas,23
seka,29
houston,591
manwar,14
hound,112
reiko,18
marks,55
metro,271
savannah,328
tustin,7
rimouski,1
alamo,73
beacon,123
orion,677
pinewood,36
worthing,12
mbabane,9
udine,4
sakt,2
fuji,73
odessa,255
sanjose,82
tampa,92
richmond,193
chls,3
keywest,165
albany,104
baja,60
xenia,50
unio,7
djnn,3
cabot,23
carthage,44
hannibal,225
hoover,230
mesa,40
nazareth,35
redmond,42
woodstock,64
clayton,283
hongkong,241
kowloon,19
asia,231
newcastle,104
naka,36
bodrum,9
djibouti,12
carson,267
nassau,69
rockhill,12
figueras,6
bangor,40
elpaso,70
aral,18
omsk,59
nola,53
franca,40
sycamore,39
plauen,5
compton,115
clinton,413
goya,10
moscow,338
xihe,1
newdelhi,20
preston,309
ober,9
rebro,6
hany,10
nide,2
topeka,30
vienna,103
upland,24
melville,35
bast,33
duluth,40
stuttgart,36
dakar,29
tehran,25
bago,14
damdam,19
beirut,32
palmer,292
leipzig,37
beverlyhills,8
tolga,10
hamme,25
morales,101
saran,28
apolda,5
cornwall,86
best,312
denia,10
komatsu,33
sanmateo,8
jian,55
asheville,5
aden,27
natick,23
media,226
sivas,9
newark,80
capetown,78
niki,262
nishio,3
bethany,217
sofia,253
watford,87
downey,45
granger,35
bolton,119
calvi,23
concord,117
horst,56
hanover,46
pueblo,27
prague,81
nirmal,21
takayama,3
stade,5
bryant,224
mariano,66
macon,28
johnston,51
jacksonville,11
khonkaen,6
puma,200
bordeaux,75
worcester,6
griffith,62
abingdon,14
riobamba,4
mandal,11
santaana,9
apex,60
casilda,1
modena,140
toledo,138
trenton,90
heide,8
aberdeen,169
atwater,29
cincinnati,21
xian,64
marlow,55
oakland,254
fman,4
date,82
ruma,16
bende,8
sakura,382
edmonds,20
calhoun,38
surprise,66
ferguson,106
kiev,68
much,40
pahrump,2
shirley,331
randolph,57
sintra,30
leticia,86
zahl,3
allende,15
beaumont,44
lombard,51
barbosa,29
kassel,28
erfurt,20
duisburg,20
telavi,7
klang,5
lindi,11
antioch,43
born,145
lapa,71
gilroy,16
keene,12
blaine,96
midland,69
hassan,169
gero,16
rivera,120
hatta,5
chamber,81
dekalb,18
cayenne,59
eindhoven,15
redcar,120
bath,33
laconia,5
gallup,21
dolores,134
columbus,163
aurora,379
biga,31
ogre,65
harr,37
vichy,9
kawa,62
pias,3
ekin,17
ursus,18
kman,65
mchenry,9
bromsgrove,1
uden,3
altamira,11
palmas,7
jerusalem,49
clichy,2
celle,6
kyoto,25
latina,130
sasa,425
lisbon,36
lacey,102
lagrange,23
ramada,53
masaya,12
mettur,3
toyama,8
laguna,231
flores,126
ishikawa,34
poole,26
lutz,32
sirh,1
barnsley,33
moore,247
amherst,45
eastlake,10
fremont,67
noda,9
mandi,40
georgetown,21
ottawa,87
roswell,99
warstein,11
roses,157
soma,47
carmelo,69
fountain,109
tndr,2
dewas,3
wildwood,85
bela,65
elko,13
aldridge,9
como,14
nancy,442
kazman,14
kars,11
niles,39
chino,143
brixton,15
hami,19
milano,275
timb,12
omaha,52
keren,24
swords,129
dali,68
noci,7
junn,9
rani,57
pemba,1
parma,35
norwalk,17
havana,112
varadero,30
pala,22
aprilia,82
rottweil,30
bayshore,22
fullerton,7
zunyi,1
decatur,43
bishkek,18
chibuto,1
elgin,27
eldorado,107
bikin,3
lopez,190
kingston,202
bria,71
shipley,16
tokyo,110
faro,32
miyata,18
yama,58
iizuka,4
helsinki,65
tyre,9
orleans,55
kamal,77
hann,19
wani,7
belfast,67
amsterdam,229
brummen,1
yuyao,1
mawa,26
lugu,2
ewing,46
moram,1
ankara,71
draper,42
perth,31
gautier,16
masaka,7
caldwell,50
cornelius,22
hutchinson,6
florin,46
tame,15
springe,12
sylvania,34
papaya,53
canning,9
bochum,36
astana,57
jora,64
saginaw,19
brugge,10
scranton,31
durham,87
evans,113
labo,4
sinsheim,1
dublin,304
magna,64
hammond,111
lepe,1
losangeles,64
jata,5
bozeman,29
saratoga,147
njar,1
yuta,10
pacifica,34
northampton,5
gogw,1
baycity,7
konstanz,13
agde,4
ueki,1
okinawa,74
santafe,125
rver,8
shin,109
monterey,67
rosario,107
essen,26
cardenas,27
kazan,86
kant,38
paln,3
tete,53
chin,91
fada,10
milton,305
ascot,17
halden,4
maca,27
lakewood,80
farragut,13
kota,38
anda,26
chartres,4
ronda,26
hornsby,11
heilbron,6
igra,16
buckley,90
buxton,28
waldorf,30
valparai,4
cranford,12
bradford,157
concepcion,11
saintlaurent,1
male,70
duarte,30
cradock,3
findlay,18
romulus,54
monteiro,16
elizabeth,356
tigre,96
cotonou,2
everett,131
akron,19
tonal,12
treviso,12
llin,2
yokohama,38
seaside,77
skokie,15
rosedale,17
pinner,32
chato,41
matthews,114
serra,44
plymouth,187
sumter,17
santabarbara,7
silli,5
meppen,5
surin,13
saar,8
almera,46
brookfield,7
melrose,86
beloit,26
berwick,21
carmel,138
keighley,4
pata,25
covington,13
playas,34
gyula,8
burnie,13
merced,29
maddr,3
humble,61
gent,27
geneva,140
asbest,10
redlands,19
zanzibar,87
kurgan,36
torrent,67
jericho,279
federal,110
alexandria,48
ames,37
yarm,5
nantes,28
burbank,40
nashville,33
alba,85
arnhem,36
bamberg,16
pando,5
brak,31
pace,44
pasco,8
sanford,96
woodland,94
homewood,23
lebbeke,2
montrose,64
fairwood,6
napoli,135
antelope,79
manila,116
lemans,81
split,66
melton,31
bahe,2
windsor,151
lagos,18
renfrew,12
tucano,17
vandalia,5
geelong,30
taylors,15
karachi,96
raleigh,96
alicante,33
dori,30
oldham,45
wigan,9
saalfeld,1
sarajevo,59
paisley,79
imus,5
kinshasa,12
tulsa,46
irvine,60
suru,9
peoria,37
wyoming,92
neijiang,1
compostela,3
brussels,33
saki,39
fontaine,33
deva,106
pabbi,1
olympia,72
medina,110
yara,28
margate,14
kumba,11
coimbra,20
latacunga,2
kearny,8
vancouver,65
demi,67
roskilde,18
crosby,83
dammam,5
syracuse,173
rosenheim,3
marseille,97
brody,93
lakeside,86
morton,113
stlouis,52
luanda,13
belebey,2
sanpedro,27
nicosia,14
lucca,31
wolfen,88
trieste,21
winona,88
alliance,148
hayama,5
sirr,3
darhan,15
handi,5
putte,22
kirkland,75
bulan,3
seoul,23
putian,7
sanxenxo,2
chaman,17
philadelphia,21
brindisi,11
stirling,53
sanger,30
canton,79
shetland,24
erie,21
saransk,22
rama,106
marl,20
paloalto,27
mendi,8
redditch,3
cant,28
taytay,85
pesaro,2
asti,25
bato,16
chatham,54
meissen,12
enid,10
doni,22
narn,4
baku,41
suzuka,15
lund,41
diamante,54
roth,36
moreno,126
pinheiro,13
oslo,41
trang,24
amarillo,46
chekhov,9
leigh,173
tripoli,32
biloxi,15
swansea,54
greenville,11
saga,62
lakeshore,11
vlos,1
lowell,111
pittsburgh,36
cala,19
hondo,103
ubud,3
marn,11
miri,22
schroeder,14
teguise,2
dinar,79
augusta,123
goleta,16
epping,13
longbeach,29
valencia,132
lansdale,7
ariana,149
witham,3
bonb,28
holloway,26
arcadia,116
denton,52
buti,7
tomsk,19
wheeling,13
vila,11
mecca,60
lorena,136
timon,119
randers,20
terrace,52
athens,168
andes,11
redford,40
delgado,59
ponce,62
huntley,10
huangyan,1
ajmer,1
tivoli,30
newhope,27
norwood,63
kilkenny,40
tours,9
indio,37
palermo,108
cabo,33
porto,60
praia,3
glendale,58
sanfrancisco,17
welkom,123
dundee,141
segovia,19
yawata,1
moro,33
salam,108
solano,18
ozark,11
tarakan,98
colomiers,2
narita,4
hille,11
brighton,142
castro,146
shing,21
fonseca,27
virr,2
coventry,85
leeds,158
marugame,10
riverside,54
nuuk,5
artemisa,8
kari,120
imola,16
indri,1
oxford,300
adca,6
yamada,20
cardiff,95
taichung,1
kamakura,10
yeovil,6
savona,7
shawnee,59
miramar,35
grasse,4
luzern,39
palani,16
mishima,21
usera,5
trondheim,8
pembroke,41
jchen,2
atlantis,329
linfen,1
tongliao,8
tigard,4
baki,16
ridgewood,9
hamada,20
cutler,32
catalo,6
granada,87
bitola,9
orkney,8
catania,21
sukabumi,5
gersh,17
susurluk,1
natchez,63
ramona,216
seymour,96
sanpablo,7
kotka,9
lenoir,10
lemay,6
uchiza,1
iiyama,61
shenyang,4
iskandar,17
alghero,3
dalycity,5
herning,11
aabenraa,2
korolev,31
triba,2
conway,94
pila,16
sigmaringen,1
tempe,23
ararat,57
kanaya,3
delrio,31
alanya,15
gresham,16
odense,28
moaa,2
dessa,12
dhaka,19
fria,5
shrewsbury,6
pamekasan,1
tatu,28
zafar,28
shsh,21
aarau,3
juba,12
yala,6
shenandoah,3
clemmons,5
enterprise,176
mateur,89
sorsogon,3
camden,104
stthomas,15
alhambra,36
lakeworth,1
laceiba,2
ashtarak,3
manchester,328
aspe,3
tver,17
morena,89
qazvin,1
fukuyama,13
yoichi,7
azov,15
dolyna,2
moorpark,2
tula,41
barra,29
gulfport,6
bologna,126
abac,5
pullman,23
abadan,13
salima,21
altoona,11
bromma,5
selby,11
sector,88
abak,3
abakan,20
aboisso,1
gadsden,4
banning,13
naples,66
oujda,5
nottingham,19
sabang,2
almaty,22
abay,7
phuket,39
singapore,65
turin,20
atbara,1
parole,45
mumbai,33
sandiego,235
riyadh,13
wilmington,9
salcedo,11
albacete,7
charlotte,215
marlborough,2
westlake,30
sebastian,265
libertad,66
rocha,29
grapevine,11
brunswick,12
melbourne,29
floirac,1
farah,42
boda,20
leshan,1
tamano,1
tirur,1
pereira,38
birmingham,31
yoshii,11
barcelona,343
vaughan,53
hanamaki,2
deba,16
estel,14
esbjerg,13
maldon,6
oceanside,11
prama,2
shiraz,52
hollister,66
aberdare,4
cochin,11
stanger,48
masis,6
along,24
ahmedabad,5
delhi,27
lancaster,55
bareilly,2
tumbi,4
qianzhou,1
abidjan,13
strasbourg,6
albjr,1
southampton,10
lobito,34
abilene,13
bilgi,2
abington,10
feodosiya,3
baga,18
kailua,43
bayonne,19
prez,23
ridder,21
zerbst,2
amadeo,32
caserta,251
wedding,148
plast,5
abobo,3
skive,3
mariana,163
sora,29
mannheim,52
mosta,6
samsun,108
sosnowiec,3
salamanca,12
manteca,17
chamba,6
dabra,2
rafaela,29
petrozavodsk,7
abreus,1
sialkot,7
kabul,19
cheshire,79
ithaca,31
iwakuni,15
deoband,1
elmira,99
kerr,28
brampton,21
appleton,41
molde,4
cuxhaven,3
muan,2
buchanan,47
viborg,19
sale,55
guangzhou,3
bend,41
rosso,25
castelo,7
dimona,10
libe,16
livin,17
machal,2
garner,74
manage,51
morelia,19
vernier,11
voorburg,5
cortland,33
renton,34
pushkin,94
calgary,135
superior,82
asaba,7
pretoria,21
prata,3
caracas,86
cochrane,14
beaufort,27
gummi,29
worms,80
bonny,47
maumere,1
freiburg,28
kottayam,11
chandigarh,7
hays,12
gillette,39
slavuta,15
penza,28
nagoya,18
tomelloso,3
cruzeiro,22
mendoza,81
rochester,16
munster,66
fords,28
sama,60
lawton,34
prado,52
minnetonka,4
altagracia,9
limoges,3
prosek,3
biskra,5
santee,14
beda,14
colombo,63
bangkok,229
allah,156
acton,12
fresno,78
zadar,9
duiven,3
duffel,20
tiko,36
nairobi,36
blenheim,26
massa,21
inglewood,8
chita,23
warsaw,63
athlone,6
hannover,59
kendal,39
muggi,2
rutland,32
dover,62
langley,54
sandr,85
coronado,35
gara,29
hamm,44
mankato,15
mondragone,1
kalisz,7
kettering,5
southgate,9
coalville,2
adamstown,1
crespo,30
maracana,8
hikari,39
adana,10
penzance,7
danilov,40
tala,21
ashford,29
miass,10
bonn,40
cypress,152
stendal,5
mcon,3
fishers,19
bedel,4
ferndale,22
issaquah,9
monaco,154
craiova,8
azzaba,2
adelphi,10
arari,2
delpilar,3
gaziantep,2
michurinsk,1
havelock,14
anaheim,31
cleveland,77
dartmouth,15
bekasi,4
nagasaki,20
tarragona,4
lakeland,32
butte,33
beijing,59
wels,11
kamen,26
bandung,32
lida,194
rabat,20
korgan,6
dili,12
mineiros,1
nagpur,6
hakkari,3
bengkulu,3
indramayu,2
bambang,10
whyalla,4
osinniki,2
troyes,4
rotterdam,26
bunia,19
hatton,13
kholmsk,2
moroni,34
mountisa,2
nador,2
sind,6
stockport,6
toowoomba,2
winchester,45
volgograd,39
samara,263
saratov,77
yozgat,7
caldas,4
gaspar,33
guadalajara,13
orihuela,1
dresden,85
lisburn,4
kilifi,3
adra,5
bulawayo,7
hidalgo,26
hillside,63
sanblas,2
maric,16
rodriguez,58
caxias,4
nalchik,5
palmira,13
sanmiguel,6
ewell,5
lille,11
sanjuan,45
rota,25
pavia,7
mineola,8
mostar,20
canberra,29
eloy,16
sada,40
ramos,53
assen,5
ware,37
douarnenez,1
muncie,14
atsugi,12
rangpur,2
langford,7
zedelgem,1
sansalvador,3
pamulang,4
maitland,19
waltham,18
monopoli,20
rochdale,25
vittoria,26
zaraza,177
limassol,9
kufstein,4
westend,26
eppingen,1
orizaba,3
danville,24
salina,46
altea,5
fargo,85
wooster,43
stavropol,15
afak,1
doha,18
baltimore,49
afas,5
trento,19
ausa,3
salo,70
luxor,44
baza,50
jaipur,10
sapele,7
resende,4
afin,2
nevel,4
motril,4
marietta,38
juma,16
largo,43
bahbah,15
obama,24
oliva,19
ibadan,3
patna,3
pooler,7
rialto,8
minna,19
hadera,2
ajaccio,7
rybinsk,5
breda,26
mati,50
zabrat,1
agar,7
chema,13
loreto,16
pira,14
osan,13
sevan,9
darmstadt,3
drammen,4
esmeralda,42
azul,58
agawam,5
delano,54
palencia,7
teruel,5
quisqueya,2
kean,14
agen,4
ballerup,4
silkeborg,15
aalborg,30
greensboro,8
quetta,8
guarda,7
napa,36
shahkot,2
talca,1
agio,4
cupertino,3
roselle,19
belen,37
khimki,5
moga,3
durban,27
yulin,2
rastatt,1
estoril,7
cary,40
colombia,224
douala,4
augsburg,26
portsmouth,18
calexico,6
castelli,7
bida,5
yamaga,1
nablus,2
kayseri,10
changping,1
chennai,25
surabaya,18
university,81
schiedam,4
grafton,25
cleburne,11
bartlett,41
sava,103
yokosuka,16
bari,23
salavat,51
purwakarta,2
asilah,1
bandar,19
molo,12
asmara,23
lima,123
bayburt,2
bursa,14
edmonton,75
dunwoody,15
bhayandar,1
mala,79
providence,11
murmansk,34
naga,30
magadan,63
potenza,15
caranda,3
banda,41
oran,15
mariel,78
nuth,2
kuvandyk,1
dalian,4
fuqing,1
guli,18
tukums,1
aiken,11
masterton,3
ibarra,8
oakpark,14
cognac,42
peer,22
derry,29
madruga,15
idah,1
colonia,39
olivet,12
colmar,7
ocoee,4
borne,10
muscat,31
ansbach,13
padang,7
orillia,3
hobart,73
racine,36
shanghai,109
fergana,16
rakvere,4
montpellier,3
hebron,20
sanaa,9
arvin,13
kabala,13
spalding,48
cabrero,2
bharatpur,1
tomar,5
elburg,2
davie,28
fernley,1
namie,14
ajka,3
oakville,17
essendon,39
cairo,50
slagelse,14
sheffield,31
princeton,39
novi,15
lexington,21
arusha,12
rosetta,50
weimar,14
lucan,8
assam,16
richland,24
lomonosov,25
tallinn,41
belton,12
sanj,29
piro,13
burgos,26
patti,93
vorkuta,23
oakgrove,9
akashi,5
sagara,15
lusaka,16
narut,58
feni,6
kaluga,31
tartu,9
aksu,11
aksaray,1
lira,34
toyohama,1
miyazaki,7
akko,3
kumo,3
vologda,36
independence,9
fuyo,3
saraburi,5
beverwijk,1
kosamba,4
tambov,31
selma,43
ribeiro,15
zama,21
akola,2
stroitel,16
bayamo,5
harbin,15
constantine,28
aksay,1
marmaris,16
imishli,1
yaroslavl,15
tashkent,47
akureyri,3
minsk,49
plum,89
pima,16
tarifa,12
irving,90
lubbock,31
makassar,18
moncada,8
kalispell,3
elmina,5
nard,19
portishead,14
alamar,6
sari,27
ubrique,1
alameda,30
aventura,29
batu,11
lafayette,14
essex,52
alton,44
edinburg,43
baden,18
aland,4
kursk,34
gallatin,13
alaca,3
natal,70
clermont,15
denison,26
orpington,2
harare,15
leiden,12
kampala,13
biarritz,18
alark,1
juneau,57
portage,19
altus,6
sanremo,13
toba,9
carney,47
alatyr,3
heywood,20
tudela,2
albi,36
albadr,1
tanabe,7
albemarle,1
cannes,30
barda,6
wittstock,1
ingenio,8
betong,3
saldanha,5
parede,5
montalvo,6
betim,1
bonga,8
weymouth,18
kamba,9
lvis,13
bicester,8
casablanca,57
karaman,9
binche,1
badajoz,8
pozoblanco,1
megion,4
albuquerque,7
wodonga,1
coppell,3
cadiz,8
aldan,12
aldershot,7
angri,1
borodino,13
puno,5
merta,4
valmiera,2
same,82
biancavilla,1
lisle,10
achinsk,1
palmeira,17
trujillo,27
godfrey,42
gwalior,3
aleg,12
alegre,9
monclova,2
panam,23
zamora,43
larne,3
kiruna,5
rostov,80
malinovka,8
asan,29
ishim,3
aleksandrov,11
krasnodar,51
ivanovo,17
tosno,4
klin,25
tayga,6
tuapse,13
irkutsk,15
aleksin,7
kariba,4
balashov,11
kovrov,9
maus,116
terter,19
arandas,3
aachen,25
perm,35
usman,23
ostrov,40
sokolov,67
chiba,17
aleppo,5
sinan,13
maracay,2
tunis,18
kolding,18
santuario,3
alzira,5
passaic,7
beja,4
ancona,16
seto,5
dortmund,72
kariya,38
gandia,1
stupino,7
lucknow,9
polanco,15
wegberg,6
warendorf,3
apatity,4
miura,11
novosibirsk,19
machado,32
kasimov,11
marsala,12
atbasar,5
karpinsk,7
zheleznogorsk,1
schwerin,3
nicoya,11
arzamas,21
karlstad,4
balaklava,12
nikulino,4
most,33
kostroma,15
borisoglebsk,1
espinosa,17
kamyshin,1
belgorod,24
vineyard,45
passau,6
orenburg,25
kyrenia,3
poissy,1
kenda,5
curitiba,27
surgut,33
armenia,66
satka,3
morbi,3
wenling,3
kloten,12
tarawa,21
wuhan,11
safed,2
osuna,3
sanlorenzo,7
cagliari,15
ryazan,10
palmital,1
seatac,6
eltigre,16
temryuk,1
protvino,8
gagarin,83
maia,51
kathmandu,21
lautaro,9
deutz,5
zernograd,4
bissau,6
alfeld,1
tampico,19
bako,10
subotica,3
mendip,5
norfolk,61
blaj,3
arriaga,8
venezuela,21
talas,7
guelma,2
darien,51
algonquin,1
sevastopol,31
algorta,1
yuma,12
converse,74
kemerovo,23
modesto,33
lodi,19
roseville,4
kalach,6
oliveira,58
peshawar,10
lampa,20
aktau,7
aliaga,3
yangiobod,1
palma,35
daugavpils,12
woerden,6
kosong,5
camargo,11
ulhasnagar,1
yazd,1
arauca,2
kuta,14
beej,6
bunda,24
ceyhan,4
marbella,36
damascus,29
nikk,26
copenhagen,42
gela,20
gresik,1
kirov,36
dnipropetrovsk,1
jaru,3
siena,36
domodedovo,12
bukhara,3
szarvas,2
blackpool,22
banbury,14
murcia,10
sesimbra,4
iskitim,3
maarssen,1
malita,3
daur,8
toulouse,60
aldine,8
brank,5
banes,4
brawley,13
gori,17
kaarina,9
divo,5
lebanon,69
pedroso,4
kamsar,1
molina,46
belgrade,9
voronezh,12
metrogorodok,1
urdaneta,4
allendale,3
weener,34
yakima,19
sens,22
charleston,14
broadstairs,1
passi,21
elmhurst,12
coburg,5
mnster,14
diepenbeek,2
armavir,13
maywood,16
westfield,12
morley,51
howick,3
hereford,37
needham,13
paramus,9
elkton,9
tantan,41
rizal,6
hayward,45
gondar,8
shuya,4
paulista,15
hengelo,5
altos,3
iturama,1
shima,16
hail,31
agidel,7
corfu,7
ilopango,1
lule,3
minas,16
tirupati,3
laur,54
alot,25
forster,24
konya,4
manisa,3
merano,6
erzincan,6
bolzano,12
indi,47
winnipeg,47
kitami,6
brossard,3
groningen,3
gelendzhik,4
arkalyk,1
annaba,5
sinc,5
alsip,1
barnaul,28
dubai,62
tucum,1
altai,12
brescia,19
berber,34
altay,18
altdorf,4
shilin,7
kolomna,18
palo,14
neustadt,5
liaocheng,1
alvand,1
antofagasta,3
santander,15
loures,3
boavista,9
oxnard,30
karvin,2
daye,6
versailles,6
granja,4
sandimas,9
hert,6
kampot,6
ilave,1
jalapa,6
bresso,3
saco,10
emporia,7
bren,72
doral,25
amadora,3
amagi,1
amahai,1
campos,47
northport,3
fairoaks,8
chorfa,1
lagarto,24
boisbriand,2
amasya,2
amato,5
courtenay,5
brest,74
imbituva,1
chem,55
tbilisi,34
milpitas,4
maastricht,3
palatine,9
neiva,1
allentown,4
louisville,11
amberg,8
kandy,36
seesen,1
wickford,5
cirebon,1
ameca,4
taza,7
madurai,10
salou,6
americana,9
bugo,4
hiroshima,6
amet,10
zeist,2
scottsdale,5
ennis,10
bali,68
khpa,1
middleton,7
woodlawn,23
amiens,6
arras,9
utrecht,22
monterrey,19
shinichi,12
hara,8
almonte,3
roha,9
roxas,8
offa,6
arad,10
temirtau,7
apas,3
nagar,6
enna,14
bobrov,19
tanda,17
poitiers,6
hammamet,3
foggia,4
misawa,28
atherton,14
amod,5
goma,9
overland,24
kalyani,22
cebucity,7
atar,3
quezon,5
berekum,2
amparo,24
fier,6
amritsar,10
safi,18
drogheda,3
carteret,4
palpal,17
bussum,6
jamestown,7
winthrop,24
noshiro,2
salisbury,12
columbine,3
islamabad,14
bartow,6
fridley,6
burnaby,11
annaka,2
stamford,51
bumba,12
marchena,2
maricopa,12
paraiso,26
adelfia,4
cheb,14
marki,15
juizdefora,2
boiro,1
manado,6
anak,13
ludlow,30
montenegro,23
anamur,1
ujjain,1
uran,25
anantnag,1
tosya,10
santaclara,1
rubio,24
srvr,8
anapa,23
andol,1
suvorov,18
stratford,11
montgomery,23
anbu,7
pavlovsk,4
anchorage,9
yalta,20
menton,5
mamou,25
baranovichi,3
chambly,6
frederikshavn,7
albertslund,5
tralee,8
hvidovre,15
valence,10
cranston,15
glostrup,4
crofton,10
angarsk,8
boura,2
pokrov,6
manta,62
roosevelt,11
solin,8
narva,8
colima,14
zorgo,10
kotovsk,3
calais,33
tolosa,9
bilbao,27
santarosa,9
santamaria,15
gdynia,4
genoa,23
whitehaven,1
mehar,2
horsens,12
potsdam,18
ravenna,24
leonberg,4
landskrona,3
moorhead,7
suez,7
santacruz,35
frederiksberg,16
jacobina,1
buenosaires,6
fredericia,7
marana,8
ishikari,1
edmond,57
serov,15
labinsk,2
carrara,6
podgorica,3
piracicaba,4
mexicali,18
iglesias,22
rodas,2
pacasmayo,1
kareli,5
sanroque,2
leuven,11
bramhall,3
carnegie,19
mulhouse,6
sopot,3
halle,23
jarrow,10
doncaster,11
somerville,4
guelph,19
samal,24
arsk,6
altamont,12
bouss,5
kosan,4
reka,15
sanignacio,1
gagny,2
konakovo,10
mato,25
andria,20
gibraltar,9
kinston,6
krasnoyarsk,9
rustavi,3
volgodonsk,4
pekin,19
ljubljana,7
severomorsk,10
ashdod,5
dickinson,10
lecce,5
camb,13
rostock,17
rockford,115
kingman,24
luton,29
kanda,9
staines,4
joliette,5
camborne,3
jann,15
wrexham,20
davenport,14
papakura,3
tawara,1
ruskin,19
chani,12
gliwice,6
szczecin,5
glencove,3
blackburn,24
levice,1
sarasota,35
palu,5
escada,28
paine,16
furmanov,4
carmona,14
telaviv,22
gerona,3
rawson,5
marang,2
karakul,5
lisse,3
burlington,8
maldonado,18
pagani,8
bunbury,10
torhout,2
agua,14
padova,20
florencia,16
reynosa,8
tosu,4
kalyn,8
angers,13
remscheid,2
riverton,8
temuco,10
centurion,45
angren,3
yuriria,1
anho,1
thiene,2
lovisa,10
gomel,8
boli,9
pelotas,9
kumertau,1
sheki,6
kirsanov,5
porlamar,2
bethesda,21
tura,23
novisad,6
westminster,10
orly,11
tinsukia,1
meerut,4
liberec,10
anlu,2
muar,2
chesham,3
bahr,3
annabk,1
banna,7
curepipe,5
hermitage,6
obninsk,17
durazno,9
carlow,7
kagoshima,2
tulun,1
sarapul,11
caledonia,10
cham,21
kisi,4
glazov,5
annapolis,7
pomona,30
annarbor,19
huntington,14
kumagaya,2
soba,12
sunel,2
brilon,2
beersel,1
hilversum,8
joplin,31
unna,6
putrajaya,2
poes,20
oudenaarde,2
stoneham,9
sampaloc,2
pendleton,2
kinna,1
wellington,47
imperia,25
belluno,15
takahashi,10
matera,5
kortrijk,4
estrela,30
duba,7
royaloak,8
anoka,4
ozersk,6
conde,7
cholula,5
weru,2
kemer,9
riodejaneiro,9
ansonia,5
mainz,12
huanta,2
okemos,7
anta,15
frontera,42
antalya,29
antaya,2
mithi,3
lakeforest,2
plaisir,17
redhill,18
lamo,16
gardena,17
salford,19
tortola,11
emmerich,6
garo,16
losser,6
houten,5
houma,3
freeport,24
mariupol,26
petrogradka,3
esperanza,28
madera,32
valparaiso,6
poltava,36
defiance,27
apan,6
tynda,2
bojonegoro,1
edegem,2
rotenburg,1
margherita,15
ensenada,6
gondomar,1
nerja,1
quillota,1
tijuana,21
fajardo,8
veracruz,24
bisceglie,2
campinas,9
bayan,17
fili,13
kavaj,1
farsh,6
krasnogorsk,1
vignola,2
zemun,4
novocherkassk,2
chesterfield,36
sobinka,2
purley,4
placetas,1
antwerpen,6
blackwood,7
ulyanovsk,4
zheleznovodsk,1
rodniki,4
uman,8
nysa,5
chitose,3
maltby,17
gandu,30
kalmar,17
neftekamsk,2
taranto,4
colton,150
nilanga,1
kosamui,6
redondela,1
nohara,2
elcerrito,2
safonovo,5
vicenza,14
brits,6
kirovsk,5
paran,13
salta,20
mestre,26
potomac,28
kolpino,16
minusinsk,2
hendersonville,2
yonkers,28
lesozavodsk,1
collingwood,11
apucarana,2
manali,4
nakamura,31
jeddah,12
waukegan,8
diadema,9
hyderabad,14
thornton,46
parral,4
pita,45
tapes,8
montemor,2
dara,49
bugulma,3
reda,20
bintulu,1
arai,15
sandown,19
aramil,5
haridwar,3
nanchang,1
saat,4
arrass,2
nellore,2
barrancas,2
annecy,13
alfal,2
vladivostok,26
arbroath,10
arbutus,13
varese,7
valdemoro,1
canterbury,10
littlerock,5
arcelia,3
sakai,6
asahi,11
surrey,39
kenmore,15
milford,51
ramsgate,10
rivoli,8
arendal,5
nanaimo,6
ardeen,2
singaraja,1
mesquite,23
carballo,3
mikkeli,6
naze,1
arequipa,17
ashgabat,4
marte,23
senta,10
arezzo,4
peniche,6
elda,9
kunduz,4
bastia,10
takasaki,3
argun,8
pavlodar,9
puertoescondido,1
verdun,42
tippi,7
ponda,3
cartagena,8
trebinje,1
mirandola,2
colomba,7
cochabamba,3
sapporo,16
mosman,7
carini,10
sokal,2
urla,2
valday,4
callao,17
zarautz,1
irun,8
keynsham,3
middelburg,3
tagoloan,1
truckee,9
arjona,8
pokhara,9
lens,20
cortazar,3
bayn,3
villavicencio,2
remedios,12
cantel,6
layton,26
arles,4
livingstone,2
dubuque,11
arlon,1
capela,6
sochi,59
moulins,1
cardona,6
mindelo,5
quito,15
registro,4
estero,6
sarov,9
yerevan,11
balayan,2
mascara,17
welling,7
prestwick,3
fontana,24
olathe,5
forthood,3
ashland,35
lomita,7
bafat,1
matanzas,11
montreux,13
zamboanga,7
wiesbaden,1
gimar,1
tamazunchale,1
chihuahua,21
toki,23
marka,18
arria,1
paraty,1
matamoros,7
sanluis,8
liberal,41
antrim,22
guayama,5
bellview,7
tanay,15
derbent,9
votkinsk,5
scunthorpe,7
tumen,10
sugarhill,5
perugia,13
baypoint,8
tarija,5
rypin,2
purmerend,2
telford,10
bloomfield,7
artm,8
pristina,7
goba,8
topi,10
lins,13
portelizabeth,1
aaff,10
liberia,16
malindi,4
nevers,8
spitak,1
salaga,8
alushta,6
nikel,7
catemaco,2
managua,31
naha,4
fairhope,3
daru,5
kollam,1
belovo,4
granville,6
gondal,7
glendora,4
bellavista,2
norden,11
khasab,2
jamshedpur,3
asaka,12
cartago,5
otaru,2
kandi,21
maykop,7
deerpark,23
binka,9
motherwell,8
jesi,4
assal,2
basel,39
sanantonio,20
ende,12
leicester,29
warri,3
matai,2
warburg,10
oshkosh,29
kerkrade,1
brockton,13
moca,10
abnb,2
ashiya,4
toyokawa,6
lovech,1
artesia,8
kochani,5
leoben,2
melati,10
budaun,1
langepas,4
akot,2
ermelo,5
dubrovnik,6
yakutsk,3
saipan,20
limerick,35
asky,3
fethiye,3
montrouge,1
solingen,8
skar,6
korsakov,7
springfield,26
pilsen,7
kumamoto,6
kakata,1
encantado,1
lermontov,11
pontianak,1
danang,20
anyama,1
morioka,6
cobourg,4
boudouaou,1
assis,7
assk,3
tend,5
kenner,30
torez,3
benguela,1
asten,3
goshen,31
astrakhan,2
kalk,2
dolton,3
carmarthen,3
lyon,32
cikupa,1
dumka,4
belorechensk,1
aswan,9
puli,6
rewa,14
bulungur,3
cabimas,1
banaybanay,1
gemlik,3
schwelm,2
socorro,21
atami,1
pamplona,16
rize,5
rennes,11
atec,3
rolla,16
zira,5
dunedin,28
lancing,1
mardan,7
malatya,6
zaragoza,33
nakhodka,5
atlanticcity,2
atlixco,1
numan,15
conildelafrontera,1
billericay,2
doma,44
monsanto,4
elmont,11
guwahati,6
tecate,30
severn,29
patterson,19
montclair,4
srinagar,4
attili,1
rehoboth,10
xochimilco,1
darbhanga,2
atyrau,2
stockton,73
daura,2
soron,2
lede,5
prescott,24
auch,2
augustw,3
bexley,13
avellaneda,4
apsheronsk,1
noisiel,1
overijse,6
limos,1
auerbach,5
ormskirk,4
taraz,5
manresa,6
wallsend,4
palenque,19
libi,3
manhattan,47
kaliningrad,22
ashfield,11
guadalupe,28
coro,15
huelva,1
toluca,22
curuman,2
lecco,3
ballarat,11
bronte,57
paddan,2
hilo,20
longview,26
lubin,6
bellaire,14
bregenz,1
salzburg,20
neunkirchen,1
rovaniemi,3
piran,3
auxerre,13
sacramento,25
sheli,3
blythe,35
torremolinos,2
dubna,9
abha,4
avar,1
goris,5
dadu,7
puertorico,26
berga,8
kadr,9
limn,2
benidorm,20
avenal,3
orvault,1
uppsala,11
hazelwood,2
svda,3
maan,5
avion,23
knoxville,13
anju,10
palanga,4
lastunas,2
batavia,30
avondale,25
horasan,1
strogino,5
smolensk,34
avtovo,3
palmi,3
cuenca,14
barking,31
awall,5
mizusawa,5
aparecida,5
wadsworth,4
reinbek,3
trelew,4
neenah,6
sealbeach,2
caracal,10
makabe,1
mula,16
nots,2
radcliff,10
rastede,2
chala,2
brea,28
nurlat,2
axim,6
lido,10
terek,11
abaza,7
skikda,2
ayagoz,1
silchar,2
aydn,1
carrefour,10
amora,6
imphal,3
wamba,9
aylesbury,3
tuni,5
jacare,16
pforzheim,2
turkestan,2
ceuta,1
rivas,7
centenario,3
alkmaar,11
payson,12
lhasa,8
kronberg,4
naju,5
walsall,20
alagir,1
isfahan,5
lismore,6
geti,7
palmdale,6
lasarte,2
hashimoto,2
iwata,6
taipei,43
cremona,16
jand,7
wyckoff,8
murakami,23
whitehorse,7
saml,6
chemnitz,9
burdur,3
nrbd,1
ceres,24
valdor,3
baao,1
babana,4
valletta,4
smithtown,2
dinga,6
maksi,24
ooty,4
babushkin,2
kunsan,10
recife,18
marini,7
shoreham,1
chattanooga,7
elbayadh,1
meda,12
tabaco,16
alytus,2
lingen,11
solus,21
lucaya,1
mendes,25
asse,22
angleton,3
bera,11
elcajon,4
greenwood,31
sawangan,1
shatura,9
middlesbrough,7
ludu,4
eisenach,12
castaic,2
malolos,3
rads,7
tlemcen,3
baeza,2
bafia,1
bafoulab,1
gouda,17
bagamoyo,1
sosnovka,5
namangan,4
oberhausen,1
bahl,3
manama,13
dandong,4
steyr,9
waukesha,11
talladega,4
bais,3
loni,13
malden,12
silverspring,1
bauta,2
hora,19
bhatinda,1
roxascity,1
loos,10
bakersfield,10
azemmour,1
bakri,5
baksan,2
tyumen,6
tokmok,2
deerfield,9
pare,10
karabanovo,2
balaka,3
balakovo,9
tulu,5
balbriggan,1
minot,24
mountaintop,2
axum,4
balfour,11
kudus,1
soweto,6
pleven,3
ballymena,2
glenview,6
lynwood,11
westmont,8
balma,1
balod,1
szeged,9
angono,1
teresina,7
lannion,2
balsas,1
balta,6
bruni,13
holon,5
balzar,2
neuwied,3
erlanger,5
bamako,9
linstead,1
vincennes,3
bambu,8
haguenau,12
afgooye,2
bhatkal,2
banderilla,1
santaluzia,1
coosbay,1
southbend,4
sunnyvale,7
banga,5
bangban,9
banjaluka,2
banjar,2
mandalay,21
banjul,6
hanoi,20
malahide,3
bannu,4
gerlingen,1
banr,3
banyo,1
okene,1
nhatrang,11
livorno,11
haifa,16
erba,5
wolcott,13
batumi,11
bridgetown,2
gniezno,2
bloxwich,1
bridgeport,5
york,65
malabo,7
chipiona,2
sitges,19
melilla,4
reservoir,9
kanazawa,11
damme,3
wichita,30
nienburg,6
mombasa,12
bors,5
kastamonu,6
lillehammer,2
lankwitz,2
barleduc,3
carvin,33
mora,45
barneveld,1
bogot,3
baro,13
smila,6
patharia,1
dachau,2
owerri,12
berat,6
barranca,4
barras,5
maba,10
barrington,5
johnstown,4
cotabato,2
stra,20
agogo,7
holbrook,25
barstow,20
brecht,14
piacenza,9
bartn,2
barysh,2
hamtramck,2
castricum,1
crema,8
mantova,3
valladolid,5
kearney,15
lesnoy,6
bassar,1
elkhart,15
veles,16
clamart,1
bata,21
orani,1
amman,20
gotha,5
laramie,27
bathgate,14
kamloops,9
erdenet,1
fabriano,2
battleground,3
batla,1
batyam,7
owatonna,5
bijeljina,3
koblenz,18
bnen,2
cueto,2
dilling,3
bayawan,1
leverkusen,7
bayj,1
anglet,2
neworleans,24
baytown,14
lumajang,1
oswestry,2
marneuli,1
petrovskaya,2
parkland,19
dedham,14
saugus,4
stjohns,13
whitehall,7
krom,6
izumi,15
wheaton,24
isabela,33
bhor,3
conchal,2
paramount,15
kleve,1
kielce,3
sobral,14
bbol,1
pickering,5
vaduz,13
ahar,3
abbotsford,2
elmonte,7
paterson,32
hoboken,41
kribi,1
martos,5
cullera,7
holyoke,4
nagaoka,1
monteros,3
navarre,26
bdmi,2
maki,48
osijek,2
evanston,16
zaandam,4
algeciras,1
buxtehude,2
pudsey,8
greenfield,12
blumenau,2
borger,9
rotorua,4
tonk,12
colombes,4
yola,5
shizuoka,5
ciudadreal,3
retreat,17
menemen,2
beavercreek,1
beaverton,2
kimberley,24
besbes,6
muskegon,2
sondrio,4
vejle,7
maesteg,1
sasebo,7
bedi,4
sassari,10
woodbury,15
zarinsk,1
bridgewater,4
westland,9
ramallah,8
engels,18
bundaberg,4
ixtapa,6
skara,2
fuyang,1
missoula,20
ikeda,4
jumilla,1
kuang,87
chengdu,5
flagstaff,4
rimini,17
belalcazar,1
radcliffe,9
belek,5
cambrils,1
utebo,1
ourense,1
arsin,2
modica,5
corsico,4
beli,11
belmopan,2
summerville,1
arkla,1
banting,1
cascais,7
danl,19
agadir,13
bellflower,3
cobham,6
bellwood,7
tobolsk,10
vanino,3
belv,2
galt,15
sanonofre,2
belm,3
whiterock,2
porthuron,1
westbrook,11
marrero,13
araras,1
sousse,2
kangar,5
taastrup,3
homestead,10
tulle,12
francavillafontana,1
eilat,6
niamey,8
staustell,1
kajiki,1
basildon,7
herstal,3
scheveningen,2
sanpaolo,4
ronkonkoma,1
varkala,1
pensacola,20
goldcoast,6
bensheim,2
karuri,1
humacao,1
oakdale,19
almelo,6
kutaisi,5
berea,10
monino,8
kaspiysk,1
naryn,2
bergamo,12
newberg,4
bergerac,25
laplata,10
merke,1
lage,8
bima,14
cully,12
celaya,5
osorno,2
paka,21
grenoble,15
monrovia,14
widnes,3
merzig,2
leer,11
watsonville,1
sanbenito,2
vladikavkaz,7
beslan,7
ventanas,2
bostonia,4
guar,6
esmeraldas,1
chessington,1
nikopol,18
gaeta,29
guatire,2
littleton,31
tegucigalpa,4
wierden,1
pankow,5
frederick,59
soio,1
fizuli,5
mais,14
moncton,8
oswego,29
uniondale,2
waverly,27
sandusky,13
trapani,3
balasore,1
bhawna,3
witney,3
greeley,13
thimphu,3
artigas,2
moncalieri,1
haiphong,1
kolr,3
dumont,22
huahin,3
tiffin,12
horten,3
erke,7
rietberg,1
lynbrook,3
cusco,7
galveston,7
deland,6
penarth,3
apodaca,6
tumwater,5
syosset,2
vanburen,14
boende,3
clujnapoca,1
newbury,15
chnin,2
hempstead,7
biha,4
innsbruck,2
solana,21
newmarket,3
landover,5
pagopago,5
paducah,4
northbay,8
valdosta,10
concordia,8
mitte,3
sneek,8
hickory,57
bmsn,1
legaspi,4
suitland,2
dothan,5
prattville,1
lice,7
caman,3
raxaul,1
paramaribo,7
wisch,2
ninomiya,4
roubaix,9
backnang,1
sanok,6
aalst,3
jhjh,8
bilecik,1
bileti,1
bixby,17
champlin,2
wilmette,6
bondowoso,2
perris,10
stow,14
lier,10
escondido,12
montecarlo,54
rosemont,10
palau,8
burgas,8
anzio,5
waren,2
camas,5
linz,21
smyrna,12
morinda,3
yubacity,3
cainta,2
binghamton,3
binha,4
kalt,6
janakpur,3
kerava,1
palembang,4
birr,3
addisababa,2
cacoal,1
siracusa,6
morn,6
bamenda,1
brazzaville,2
kolkata,19
ptan,1
bizerte,3
tokat,3
lapaz,6
cronulla,6
polonne,1
sumar,4
arica,2
turku,3
milwaukie,1
millbrae,4
arnstadt,1
glan,5
esik,9
brentwood,15
kalamazoo,16
kulu,3
lethbridge,2
sanjavier,1
livingston,9
doba,5
tobruk,10
simpang,1
castlerock,4
aguaprieta,1
castlehill,1
blagoveshchensk,1
groves,14
brownwood,1
moers,4
neath,8
nchod,1
marple,8
zagora,4
fairfield,11
zinder,3
cerritos,10
blida,3
mons,14
meudon,2
manturovo,2
blomberg,6
chieti,2
utena,4
pacho,14
tangier,7
hilliard,15
klaten,4
whiteoak,10
chaumont,4
oakridge,23
oroville,2
medicinehat,1
niigata,5
ancaster,5
khanna,8
affton,2
boardman,6
pescara,9
suwa,2
stalbans,5
accra,16
liding,1
vigo,19
joliet,14
blytheville,1
kunda,4
pacani,3
westhills,3
vegabaja,4
oshawa,8
seversk,6
nakano,10
tradate,3
lompoc,18
manitowoc,2
urbana,24
mnvi,1
wanganui,2
redding,23
hasselt,4
mikuni,7
dracut,4
tamale,7
kohima,5
durant,31
newcity,4
sgou,9
zaxo,2
kula,17
thevalley,5
bobodioulasso,1
tilburg,11
covina,10
denizli,7
truro,6
frth,4
bocachica,1
elkridge,1
monza,30
sevran,1
leninsk,2
redcliff,5
toru,9
olinda,7
kampen,6
mechelen,5
ashqelon,1
bogdanovich,1
gatchina,2
pisco,4
boise,25
elista,15
lausanne,32
lilio,1
istra,5
pontoise,1
chichester,5
bagheria,1
ishii,6
kennesaw,11
bondy,4
olney,4
sortavala,3
cerro,24
babat,4
xico,3
ramah,3
ratingen,4
herford,5
arang,2
woburn,5
cayey,1
wellesley,3
bootle,9
iloilo,15
naic,2
morsi,1
waltrop,1
trabzon,13
halmstad,9
herne,10
kosti,15
oldcity,2
euless,5
boronia,3
vineland,5
lorain,12
meise,9
toyonaka,2
tifton,5
northshore,5
wetzlar,13
fatwa,1
pompei,8
gaborone,6
knysna,8
singen,7
bouar,1
mankono,1
magari,5
corcoran,14
boumi,3
muskogee,10
montreuil,4
lavergne,2
pernik,5
kidlington,1
bushey,6
mishan,10
gaggenau,3
bangui,7
korenovsk,1
selden,6
arima,5
varanasi,5
rano,11
sunm,2
bron,27
mangere,5
surbiton,4
tire,30
yako,8
bingley,3
bournemouth,3
shangrila,9
braga,13
brah,5
braintree,2
kabanga,3
eschweiler,1
comilla,2
wedi,1
woodmere,4
jingling,1
fillmore,18
ibat,3
saintes,9
buri,4
bratsk,6
kelowna,4
perico,56
diamantina,2
elreno,6
towson,26
esparza,8
marblehead,2
gijn,2
izyaslav,1
simferopol,20
bremerhaven,2
smithfield,4
sligo,8
rawmarsh,1
ogden,22
aarschot,1
ceret,2
berdsk,3
nzvd,1
taal,3
breves,1
capecoast,2
milwaukee,23
markham,16
rufino,11
mansfield,16
solan,10
canelones,2
cheshunt,4
gaur,5
limpio,1
brixham,2
rockingham,1
clevedon,4
walkden,1
portangeles,1
puebla,7
kobayashi,6
searcy,1
heerlen,7
hopemills,1
guider,1
slough,10
saskatoon,7
blanes,4
cedarhill,3
cairns,22
wasco,6
cija,4
sudbury,14
gumi,3
enugu,2
empoli,5
xiamen,2
rees,17
bocholt,4
bertoua,1
fribourg,4
travnik,4
pandan,1
brusque,2
trindade,5
bryansk,14
benoni,7
montevideo,8
frsn,2
altadena,3
solihull,7
greer,29
eustis,10
sofrino,3
bucaramanga,4
tagta,2
canavieiras,2
kijang,5
bucha,6
magog,17
copiague,4
aalsmeer,1
abudhabi,12
maplewood,6
viterbo,3
pelham,30
liaoyuan,1
kuche,2
riverdale,8
dinuba,2
buga,13
newyorkcity,11
buhi,2
bukuru,2
fiorano,5
fatsa,2
gabrovo,2
kungur,10
khartoum,7
pune,7
freital,1
borsad,1
bulolo,2
nagano,16
korkino,4
hagi,8
faribault,2
skanes,2
erzurum,5
varna,9
amersham,16
neuss,2
dushanbe,9
burlata,1
lattes,3
mochudi,1
edirne,4
bujumbura,1
bury,13
cudahy,8
pasaje,3
kriens,2
sibbo,2
keizer,8
leyland,12
rutherford,11
bustos,6
buta,7
antibes,12
arayat,1
butembo,2
dankov,3
torrance,31
butterworth,3
ojiya,1
rosemead,7
busia,9
buzuluk,8
cloverly,2
umkomaas,1
kalgoorlie,3
miyako,9
tela,9
zuru,4
windham,10
piraeus,3
slidell,7
voznesensk,1
bloomington,1
rinteln,3
edgewater,2
mulanje,1
casagrande,3
caen,6
kuna,13
tamk,3
naperville,1
turnhout,4
cachan,4
prato,3
businovo,3
newburgh,20
timbuktu,18
grandview,7
centralia,5
caguas,5
caic,2
losmochis,2
canyonlake,2
poway,5
calahorra,1
ragusa,11
melgar,4
shantou,2
shreveport,6
kada,7
calw,1
unioncity,2
camaiore,1
pietrasanta,1
lampang,3
tamba,4
guarulhos,2
guara,5
lensk,3
campana,6
campeche,4
fcamp,3
rockville,5
shafter,10
verden,5
siouxfalls,3
candelaria,2
pradera,3
macau,5
moosejaw,20
kankan,14
bethpage,5
lalaguna,5
lavista,3
englewood,4
ambato,4
cantonment,1
santaf,5
flandes,1
lansdowne,6
krabi,3
kuching,9
coronel,5
capivari,1
ischia,5
lugo,13
tahlequah,1
coihaique,1
bremerton,6
morr,20
tampere,4
laplace,12
butare,3
cesenatico,4
lafalda,1
pittsburg,7
ubatuba,4
saintgeorge,2
pipili,2
talavera,14
fortaleza,8
laspezia,3
rubidoux,1
messina,24
zottegem,5
caparica,7
doncarlos,5
svitavy,1
quilmes,5
itajub,1
cajati,1
iona,15
woodbridge,2
robt,19
danvers,7
runing,7
amesbury,3
chelmsford,3
novaera,2
carpano,1
pampa,20
maracaibo,7
carrboro,2
owasso,1
troutdale,1
hilden,6
nagahama,2
benevento,1
biella,4
oeiras,1
aserr,1
haarlem,11
nettuno,3
bedong,1
shahdol,1
pengcheng,1
sagay,1
reni,19
cassino,8
narbonne,6
talcahuano,1
tafo,3
elviejo,6
calabar,6
caerphilly,1
avellino,9
yarmouth,6
calp,5
cascina,1
silvan,14
herisau,4
giarre,2
qingdao,3
handa,7
roanne,8
agartala,3
cceres,1
nakama,8
chivacoa,1
sinzig,2
thun,12
artvin,3
progreso,6
ferndown,4
yichun,1
garibaldi,11
taunton,16
araguari,1
minden,26
zeya,6
gusev,30
formiga,9
centerville,1
antipolo,1
cento,5
paderborn,5
llanelli,11
corinth,23
takum,3
cesena,6
karben,1
moratuwa,2
izhevsk,4
ekibastuz,3
engadine,5
sharjah,5
marsberg,1
lehi,2
elhajeb,1
zacatecas,6
yuxi,1
yuxia,1
escalante,3
challa,3
abasolo,1
chalmette,4
champaign,2
wenden,3
lviv,10
hurghada,8
chancay,2
chanika,3
maur,17
idahofalls,1
changji,1
tsuenwan,1
chatou,3
fortworth,1
reddeer,7
sakado,1
leesburg,4
laela,1
vukovar,4
skopje,11
beaconsfield,2
semarang,10
choloma,2
dreux,1
nanao,1
seria,5
chaska,9
chatan,1
chatra,2
maramba,6
shively,6
panabo,1
lilongwe,2
opportunity,8
fairborn,3
imatra,2
rochford,5
maner,5
fortbragg,1
zlatoust,5
zaqatala,4
rioja,5
chelyabinsk,4
burlingame,1
barnstable,1
sonsonate,3
oberkirch,1
chernivtsi,1
chernushka,2
armadale,5
pljevlja,1
saumur,4
carmichael,9
haan,4
chiari,1
matsudo,2
cristalina,2
woking,16
kansascity,10
cosenza,13
manjo,2
claremont,12
cranbrook,3
guilin,3
beringen,2
chkalov,3
tamra,7
ktoya,1
ferrol,5
chone,2
chongqing,1
floridia,3
ruse,7
gose,4
aberystwyth,1
chor,2
dagomys,1
favara,2
toulon,10
puri,5
helln,4
zomba,9
taishan,4
wettingen,1
kaiserslautern,4
csis,2
jmai,1
orinda,9
laroda,1
roeselare,2
sheboygan,4
londrina,6
dalai,5
hawthorne,12
christiana,5
villanueva,10
cuernavaca,3
jijel,3
bergedorf,1
gorizia,3
bolu,1
mokena,4
mauldin,10
fairbanks,9
brookline,4
conroe,10
chumphon,1
mastic,7
dhone,1
chur,7
formosa,14
chusovoy,1
guanajuato,7
riccione,8
gois,3
romita,4
ouropreto,1
modugno,2
nanjing,8
ciri,1
hollola,1
amersfoort,2
raub,3
torreannunziata,1
lere,2
arnsberg,1
goes,19
novara,7
fano,6
garches,1
greve,7
jenks,8
westerly,6
statenisland,2
avonlake,1
prijedor,1
kitchener,1
smba,3
kumanovo,4
montebello,3
stoughton,1
granby,11
puertopadre,1
caas,2
itaporanga,2
malm,10
farum,4
rosemount,2
soure,1
clearlake,2
clearwater,7
ballwin,2
colchester,11
tsuchi,1
frankfort,2
macomb,5
kaduna,4
novato,16
majuro,3
udaipur,4
masty,2
gronau,1
qdin,1
haren,3
harlingen,6
isernia,2
yucaipa,3
royan,2
suphanburi,1
limay,1
sayansk,1
mushie,10
coatepec,3
lagi,1
tarsus,5
faaa,3
radom,22
yamoto,1
stains,7
caloundra,2
norilsk,11
albury,2
livonia,4
cumbum,2
arese,2
barranquilla,3
indianapolis,8
slatina,3
massapequa,2
comiso,1
bothell,5
calama,5
oranjestad,2
licata,2
ecatepec,1
roblanco,1
sevenoaks,4
cecina,3
farmington,2
kuopio,4
anshing,1
hino,12
ranchi,6
dessau,10
newbrunswick,2
corato,1
sabadell,4
yasenevo,1
mandeville,2
arcos,4
kousa,3
corozal,1
gorgonzola,4
corsicana,3
trier,2
thunderbay,5
clarksville,1
satuba,1
cosqun,1
alajuela,4
maradi,3
cayambe,2
cottbus,4
tychy,3
mino,21
courcelles,1
vanadzor,5
harrisburg,5
rasr,1
brezina,3
coyotepec,1
provo,11
sadah,2
rapallo,18
lautoka,4
malbork,4
pilait,1
foso,2
tonga,17
fich,1
plovdiv,12
arrah,1
branford,15
bracknell,3
airdrie,4
muskego,1
kingsland,13
pati,39
longmont,4
verobeach,5
bjar,2
zenica,3
sgar,4
nagold,1
bantayan,2
chulavista,3
southport,7
malakoff,4
mississauga,1
paphos,6
rahway,6
pinecrest,5
gurgaon,6
bidbid,4
oildale,3
speyer,9
slobozia,2
richfield,2
milazzo,2
terrytown,3
mozdok,10
jimo,3
bytom,3
chittaranjan,2
oruro,1
salerno,31
redland,6
ekpoma,2
moreni,3
aqaba,6
dienbienphu,1
kubinka,6
dmitrov,7
masina,13
corrientes,3
helmond,3
cumberland,12
karlsruhe,5
hasaki,1
leiria,2
sedalia,1
villena,1
millcreek,3
skilip,1
seaham,4
plattsburgh,1
onda,4
kamoke,1
mlln,2
ocala,6
phrae,2
schmelz,2
whakatane,3
cyangugu,1
macia,3
jinan,1
mayen,3
tanguita,1
lynnwood,9
apeldoorn,7
kovdor,1
furukawa,2
pinal,5
steenwijk,1
daboh,1
schoten,1
kanpur,5
ghos,6
nijmegen,11
molfetta,5
kaman,8
nganjuk,3
sokoto,1
daejeon,3
heihe,1
frohnau,2
dren,7
daigo,3
dakhla,1
hebi,6
dalnegorsk,1
sfax,5
damara,3
lavras,1
almada,9
rijeka,8
daytonabeach,3
hillegom,1
pite,5
mandan,11
westmemphis,1
kasama,3
wilkesbarre,1
yartsevo,2
santmart,1
fallriver,1
haderslev,7
tongren,1
meppel,6
tewksbury,1
kaltan,4
tuntum,1
karmiel,1
itaparica,2
danan,2
gatineau,5
wakeforest,2
hajn,1
bathurst,7
gaza,16
helsingborg,1
sestroretsk,1
baiecomeau,1
bourges,3
severodvinsk,5
daoukro,1
soroca,1
daqing,6
riehen,2
leek,10
tokmak,3
skawina,1
darende,1
khabarovsk,5
fostercity,2
mysore,4
solikamsk,2
saguenay,2
brockville,2
bacu,1
bydgoszcz,1
nipomo,3
radnor,12
remagen,2
miamibeach,4
daska,2
werribee,2
pinsk,8
dasya,5
phunphin,1
strunino,4
datong,3
bdar,2
tauranga,3
konz,4
worksop,1
rondebosch,1
abch,5
bauru,3
caringbah,1
keta,5
tegel,1
villanova,8
syke,3
poti,3
delicias,3
mamaroneck,1
woodridge,1
stolberg,4
sueca,1
olot,2
galle,8
fortlee,3
benghazi,2
fuling,3
coopercity,1
banh,1
buinsk,1
dayr,2
polangui,1
kirkby,1
tuxpan,4
blabo,2
basi,7
petaluma,8
changsha,3
miya,21
ridgecrest,3
saltillo,4
crates,9
gawler,1
shymkent,2
donskoy,4
kumasi,4
pandak,2
plunge,12
lota,7
mangaldai,2
heerenveen,4
chittagong,5
dordrecht,2
debrecen,2
jandila,1
boden,2
ilina,20
beauvais,3
dedza,1
pontal,1
fukuoka,8
rheine,3
plantation,3
athiriver,1
yazman,2
northeim,2
bdeh,2
zaria,6
cordeiro,4
leskovac,3
chiffa,2
tokoname,1
curitibanos,1
pocatello,3
buea,1
deventer,7
garca,4
osmaniye,1
zafra,3
krasnoufimsk,2
moyo,1
energodar,1
stmarys,10
ozerki,5
taganrog,17
yefremov,1
gulu,5
liski,3
tarna,2
collinsville,2
statesville,1
klimovsk,5
silute,1
comrat,2
louviers,2
venlo,3
vilnius,11
catu,3
kigoma,1
panvel,3
depew,1
yeadon,6
oegstgeest,1
salsk,3
baena,1
santaluz,1
broomfield,1
benicia,5
desmoines,4
desnogorsk,2
patos,4
quiapo,1
koln,14
berezniki,4
tanga,10
takeo,10
tayu,1
devonport,2
hoorn,4
mirabel,4
cherryhill,3
rutana,2
angol,4
hinsdale,4
istok,7
ferizaj,2
bridgend,1
dgrat,1
novokuznetsk,1
khulna,2
gaya,8
ganye,1
pandi,6
pimentel,9
bulungu,1
deltona,6
diadi,1
saky,2
petrovsk,4
sobradinho,1
waterford,10
iquique,2
jatra,1
didim,3
angradosreis,1
floresta,8
barradocorda,1
kadi,9
eisen,6
sandakan,1
budva,3
perumbavoor,1
madhubani,1
letchworth,2
stif,8
sovetsk,8
tumba,6
roslavl,8
tatarsk,7
frolovo,5
torreon,5
middletown,2
ventspils,4
taft,25
klna,2
perovo,3
dblin,1
gentilly,3
shadrinsk,3
newburg,5
lorica,2
iowacity,3
edina,9
malgobek,2
marib,1
dipolog,3
fafe,5
koksijde,2
yashiro,2
irapuato,4
temecula,4
segezha,3
propri,6
disq,1
kherson,5
odintsovo,2
rockymount,1
bhopal,6
luckeesarai,1
djal,3
djamaa,1
carlet,4
cogan,3
kotlas,2
reinheim,1
mirfield,2
berwyn,12
orsk,8
yorkville,2
fujioka,4
valena,8
lalitpur,1
kerch,11
vola,5
tianjin,5
estepona,3
azusa,4
kuroda,3
willmar,5
tibo,9
kualapilah,1
norland,2
wakefield,12
springville,1
gorelovo,2
gainesville,2
vantaa,1
centennial,3
brenham,2
ypsilanti,4
oldbridge,2
owosso,3
ipil,2
astara,4
stillwater,6
brovary,1
tartagal,1
penedo,2
roseau,6
menen,1
manat,5
gladstone,10
hameln,2
satun,2
walnutpark,1
kinel,3
koper,7
ossett,1
hillsboro,7
dondo,7
moabit,2
albufeira,4
forestlake,2
calafell,3
donetsk,19
greenbelt,4
mukilteo,5
hermosillo,1
zelenograd,9
troyan,20
agbor,2
tiet,5
shatin,3
manzini,1
erode,2
tahara,2
monchegorsk,1
wallasey,2
dorval,2
laoag,1
watertown,9
bethlehem,2
chemno,1
runcorn,3
chaparral,4
lchi,1
calabasas,1
mashhad,3
goch,3
raisen,3
amursk,2
meylan,1
rangia,1
slobodka,2
riobonito,1
sierre,2
drean,2
svendborg,3
piura,3
winterhaven,2
saintjohn,3
drexelhill,1
susaki,2
midvale,4
kano,9
heredia,4
hochfeld,4
saltodepirapora,2
titusville,3
countryclub,1
humen,2
pechora,6
warangal,2
jenison,5
belper,2
sangamner,1
kumbakonam,1
ambad,1
negara,2
dibrugarh,1
pock,4
kreuzlingen,1
morecambe,2
oaklawn,2
sunvalley,8
papar,2
kimbe,5
tabriz,7
frechen,2
dixhills,3
seaford,5
westorange,2
ratnagiri,2
maroubra,4
tibiri,1
mercin,1
manosque,1
deolli,1
chilliwack,1
haslett,5
willich,3
edenprairie,1
bourbonnais,2
nsukka,4
commack,5
bielefeld,4
dudinka,6
ercolano,2
westbury,11
shimla,4
jihlava,1
torrevieja,3
korop,3
windhoek,7
xingtai,1
parkridge,1
terrassa,4
palmdesert,3
kachkanar,4
jerseycity,2
warburton,3
jayapura,1
amrn,1
apopka,8
peterborough,3
odenton,5
chapala,4
ipoh,1
tavda,4
luanshya,1
hesperia,4
dzerzhinsk,2
reutov,2
apia,2
brno,3
gubin,8
prizren,7
aosta,2
battambang,2
orai,1
sebe,6
eastsaintlouis,1
cabra,3
hailar,1
tena,8
honiara,3
eboli,1
zaida,8
tocumen,3
echuca,2
gauting,1
starnberg,1
duitama,1
noginsk,4
gualaceo,2
westford,2
dieppe,5
boskoop,1
sinop,3
wurzen,2
pyatigorsk,3
santoandr,1
osasco,2
badalona,7
dhekiajuli,1
valdivia,2
kigali,6
romsey,3
zarzal,1
santahelena,1
arapiraca,3
chiquimula,1
rotherham,5
bratislava,3
bitlis,1
ajdabiya,1
overlandpark,1
novomoskovsk,1
zutphen,2
eger,9
mornington,8
heidelberg,11
murom,9
heemstede,1
elyria,2
saku,12
einbeck,1
heze,4
binjai,1
turlock,9
highpoint,4
pawtucket,4
fulda,10
cibinong,1
huizen,5
penalva,1
chicopee,1
sakata,12
baguio,8
mahwah,6
puyallup,6
teramo,3
zacapa,4
elche,7
senden,2
nepomuceno,3
labarca,3
koga,6
asino,1
riobranco,1
johannesburg,4
usinsk,5
lappeenranta,2
karabulak,6
kualalumpur,1
kalamari,5
saintmarc,1
langen,8
zile,1
ipiales,1
gondi,3
elkriver,1
cornaredo,1
elmada,1
elmal,1
espinal,2
yendi,2
monsey,3
emet,2
berkane,1
waipahu,8
cartaya,2
elsalto,1
herten,1
elsegundo,2
alfter,1
puttr,3
monze,1
tomsriver,3
willemstad,1
viveiro,1
chortkiv,1
najaf,1
mura,46
salyan,2
giresun,3
bukavu,3
lisakovsk,1
freetown,7
enger,1
shiki,12
pomezia,3
metepec,1
ensley,3
harpur,2
massillon,2
tiberias,4
forl,1
grottaglie,1
itaberaba,1
karera,3
misilmeri,1
balabanovo,1
detmold,1
muta,5
laporte,10
sibu,2
diamondbar,1
ofallon,1
merelbeke,2
korba,2
kiry,8
kenosha,8
kambar,4
erkrath,3
keskin,3
putten,2
dhahran,7
etwa,2
tiel,2
perov,8
kropotkin,2
naranjito,1
kladno,3
graz,22
sucre,6
sterlitamak,9
eslv,1
plasencia,1
kineshma,3
esslingen,2
goslar,2
cahors,5
nahual,3
lomalinda,3
kitale,1
rosamond,4
arris,4
morrinhos,1
lokoja,1
flensburg,3
kashin,5
arcata,5
eutin,3
bornheim,2
tarbes,3
sanclemente,2
evansville,4
badenbaden,4
hamina,2
guayaquil,3
dogbo,2
skien,3
massafra,2
dindigul,1
cnth,1
sheksna,3
velsk,2
kommunar,2
balezino,1
hoogstraten,1
sokolniki,2
loudi,1
sagunto,1
fushun,1
rura,8
siouxcity,2
silang,2
chieri,1
kuznetsk,3
kopeysk,3
troitsk,1
lanzhou,1
tangu,1
shiyan,4
lucban,1
aizawl,1
thiais,1
neiba,2
herval,2
nanterre,4
purbalingga,2
faenza,2
gembu,1
rawalpindi,3
maliana,1
weilheim,4
fairlawn,3
zaraysk,1
autun,2
falun,2
famagusta,3
zapopan,1
leport,1
jiuquan,2
mougins,1
kasongo,1
kotelniki,2
bielawa,1
farmingville,1
cessnock,1
kiambu,1
dodoma,3
fasano,6
shahalam,1
myrtlebeach,1
daressalaam,3
nouna,2
enschede,3
ambur,1
mufulira,2
trat,7
patobranco,1
rockland,21
mexicocity,2
cuneo,1
viareggio,1
rovigo,4
vite,7
ternopil,10
buguruslan,3
znamensk,3
khust,1
feira,4
cachoeira,1
vreden,1
kanye,7
guau,1
quevedo,4
bobbili,1
potos,8
ngozi,3
oulu,2
riverview,5
afrn,3
diemen,1
ukiah,2
paterna,2
nbha,4
carcara,1
townsville,2
kahama,1
rivne,4
pout,3
mitrovic,4
nabari,1
yate,1
manakara,1
tumaco,1
talara,1
debar,4
piripiri,3
suva,6
vnukovo,2
winterthur,2
oakcreek,2
frosinone,1
bessemer,5
parla,3
erlangen,6
suncity,7
staaken,1
lichfield,2
gloucester,6
koszalin,7
tulare,7
butzbach,1
gyda,2
tiziouzou,1
holladay,1
newry,1
aracruz,2
dourados,9
oguta,1
svres,1
eastlondon,1
olsberg,1
kansk,1
sceaux,1
pisa,12
quimper,6
perpignan,4
tallahassee,3
manaus,4
senica,3
gorakhpur,1
fomento,3
linares,15
rhoon,1
lucera,2
amstelveen,2
genk,3
malacca,1
fordon,2
stalybridge,1
fortdodge,1
forthunt,1
abqaiq,2
fortmyers,2
karwar,4
goldengate,6
miyang,2
hopa,2
leawood,5
sulphur,3
friedberg,2
soria,7
barinas,3
nantai,2
cacm,2
fuli,3
wakkanai,7
kerman,5
porterville,2
halver,1
frankston,2
miskolc,5
cmau,1
takikawa,1
peterlee,2
garoua,1
sadek,4
maghull,1
methuen,6
offenbach,3
mogimirim,1
bardejov,4
sassuolo,1
tantou,2
salamina,1
fresnillo,1
emmen,2
sanmarino,4
lanciano,4
nebbi,2
fukushima,2
kozelsk,2
victorias,4
pentecoste,2
puan,1
rosarito,2
batley,2
saintl,1
yashan,1
vinhedo,1
torit,4
kouvola,1
panji,3
madhupur,1
fujisawa,7
fukuroi,2
funchal,10
zonguldak,2
kolea,6
jbal,1
witten,7
werne,6
selm,6
kulti,2
lagarde,1
maintal,1
maizuru,1
ldnn,1
valsd,1
godda,1
chilln,1
ladner,3
cuman,1
norco,2
lomme,1
sebu,5
kristiansand,1
libreville,2
jardim,5
sidon,1
oradea,3
salto,7
soko,5
kgal,4
kosayagora,1
jagna,2
gahanna,2
vidin,1
biddulph,3
birsk,2
durg,3
gaki,2
kirzhach,2
galai,1
kreuzberg,2
necochea,1
irati,1
vadi,11
mozhaysk,2
matiri,1
welland,8
povorino,2
kuusamo,3
kanevskaya,2
matara,4
calaca,3
onega,9
ellinik,1
ninove,3
preetz,2
gampola,1
pirapora,2
satna,3
shumen,2
elbistan,1
nanyang,3
matam,1
uster,2
haar,4
changde,2
suzhou,1
tangerang,2
kuje,1
hamar,2
regla,3
gowno,3
ghro,2
cannock,1
ilagan,3
hattingen,1
hoofddorp,1
dimitrovgrad,1
kievo,1
kayan,2
nizw,1
reutlingen,4
hazleton,5
eschborn,2
kolto,3
louth,4
kisumu,4
constanza,2
bethelpark,1
gastonia,5
shali,4
rouen,1
lublin,11
moita,1
oria,2
penticton,2
majalengka,1
gediz,2
geel,5
randwick,2
nazran,2
sullana,1
cchi,4
buderim,1
shrvn,1
glenroy,1
rapperswil,2
monthey,2
bagneux,2
vora,5
chaguanas,3
dundalk,8
ryde,3
bergama,2
siegen,6
manzanillo,1
mojokerto,3
issoire,1
limoeiro,2
majadahonda,1
gevgelija,1
montilla,4
libourne,2
abbar,2
chipinge,2
langenfeld,1
nmes,1
ripon,9
saiha,6
scarsdale,2
boisar,1
zhuhai,3
vinica,1
pinho,2
obudu,1
maham,2
ramla,4
gien,2
gifushi,2
zugdidi,2
grandville,1
lentini,4
urmston,1
battersea,3
metairie,4
ticul,1
bayeux,4
hibbing,8
itupeva,1
daxi,1
mongu,1
gines,2
rocklin,2
ginowan,1
belfort,4
tingi,1
vicksburg,5
giurgiu,1
lainate,1
eljadida,1
sikeston,2
salmonarm,2
amposta,1
rioclaro,2
komrom,1
kotli,1
kramatorsk,2
labasa,4
glenavon,6
taipo,2
roosendaal,1
glinde,3
grajewo,2
krefeld,9
mersing,3
oakforest,1
ningbo,3
verviers,2
hildesheim,1
turek,8
kairouan,2
oelde,1
sumy,3
kemi,5
melitopol,8
debila,2
tunapuna,2
tamworth,6
lewes,6
prichard,5
gombi,2
kananga,2
plainview,3
goodlettsville,1
caratinga,1
volsk,2
kentwood,10
gossau,1
markova,24
yoro,3
gorontalo,1
anshan,2
kogalym,3
luxembourg,7
jauja,2
baruta,1
crevecoeur,1
berdyansk,2
wijchen,1
merzifon,2
geilenkirchen,1
paysand,2
yujing,1
novozybkov,1
lucena,3
bulacan,5
orangeville,1
maputo,5
pombos,2
littau,2
guadix,2
ushuaia,2
seabrook,11
grantspass,1
grayslake,1
grandrapids,2
greatbend,2
burriana,7
shaoxing,2
fredericton,2
owensboro,1
cambrai,3
hellevoetsluis,1
floriano,1
telsiai,1
palmerston,2
slonim,3
pskov,12
desio,1
lanester,2
grimma,1
obra,2
chiclayo,2
abovyan,1
huntsville,2
ermenek,1
nutley,5
asburypark,2
orsha,4
guaynabo,2
siderno,1
charata,2
guasave,2
laln,2
gudermes,1
pikine,2
barbacena,1
nizhnekamsk,5
thebronx,6
melun,1
holstebro,7
northglenn,1
troisdorf,1
landshut,3
pardubice,1
miharu,3
shilovo,3
zakopane,6
southfield,2
okazaki,3
kasterlee,1
weert,4
dabas,1
gwadar,1
tunceli,1
nagato,18
hbra,2
burntwood,1
pistoia,3
chonburi,2
ramadi,2
velp,2
hagerstown,2
bethal,1
takaishi,1
sulzbach,1
haikou,1
varel,2
hakodate,2
haldia,2
paks,4
uzlovaya,3
yalova,2
schweinfurt,3
newquay,2
sakurai,4
kandhkot,1
shillong,5
hanam,1
hanawa,2
hanahan,2
handan,4
nanning,1
schaffhausen,2
echopark,3
snah,4
soest,1
uithoorn,1
getafe,5
rushden,2
zwickau,2
hardo,15
ardon,4
kusa,8
harihar,3
zelenogorsk,1
kamr,1
sijunjung,1
apam,4
tonawanda,1
pemalang,1
brhl,1
ordos,3
percut,1
lehrte,1
piracaia,1
nesher,2
sonpat,1
loughborough,2
pokachi,1
panna,5
mandya,2
losbanos,1
lalor,1
philipsburg,1
carbondale,1
freiberg,5
bearsden,3
kaohsiung,1
chepo,3
cabinda,1
kanuma,1
buraydah,1
eupen,2
telgte,8
masuda,6
wunstorf,2
izegem,1
nuenen,1
indore,3
sungailiat,1
morogoro,2
dormagen,2
sibi,5
abuja,2
cullinan,5
husum,1
hialeah,11
bloemhof,1
saintdizier,1
nand,4
syzran,5
vitina,3
rexburg,1
tsuruoka,1
ogawa,4
fairland,1
kingswood,6
rancagua,1
oakbay,3
wausau,5
himeji,4
hinche,1
ayacucho,4
itami,4
sendai,4
menuma,1
kawara,4
lisieux,2
crotone,2
ghat,1
thne,1
olomouc,2
noblesville,1
baracoa,1
guye,1
ippy,3
hohhot,2
chapelhill,1
matsumoto,4
kiskunhalas,2
itzehoe,5
nouakchott,2
maseru,6
homs,3
tapachula,2
honch,1
sargodha,3
soissons,3
carolcity,1
paithan,4
pizhou,1
shimada,2
eagan,2
delmas,7
marand,5
mixco,1
cervia,1
vyborg,4
terme,2
shakopee,2
tiaret,2
neston,6
pleiku,1
whiteplains,3
hrazdan,1
sthelens,4
ferncreek,1
huacho,2
huancayo,1
hude,2
banmo,1
ruislip,2
nailsea,1
hulan,1
belleville,4
achern,1
deaar,1
mangalore,2
gojra,1
ibaraki,1
sitten,4
ventimiglia,2
hyres,1
kitwe,2
tawau,2
ostend,2
orchards,2
saquarema,1
aruj,3
badn,1
iguatu,1
sombor,2
kakhovka,1
kizlyar,1
marshfield,1
cookeville,1
klintsy,2
gardanne,1
hunedoara,1
ramatgan,1
iganga,1
konotop,6
zolotonosha,1
ochota,2
samobor,2
iida,4
batupahat,1
benoy,1
ikom,2
iksan,1
galatina,1
burla,3
dalaman,2
arauco,2
ilorin,1
horizonte,2
tikhvin,2
pushkino,2
marquette,8
isiolo,1
bongaigaon,2
hotan,1
layyah,2
acireale,1
kontum,3
torrox,1
cutralc,1
klpi,2
taiping,1
schwetzingen,1
gtersloh,1
braunschweig,5
coesfeld,1
deggendorf,1
chorley,3
greven,10
lindau,5
mariquita,2
zeitz,1
vlaardingen,1
orsay,2
kunming,2
bibirevo,3
kingisepp,3
thanhha,1
highview,4
sunnyside,7
inza,2
vatradornei,1
schio,1
seeb,1
sasovo,2
irbit,2
parnas,5
legnica,2
leixlip,1
iara,5
kirkuk,4
cagua,1
isfara,4
islip,2
andijon,1
mangalia,3
batang,1
bagul,1
korosten,2
kragujevac,1
baddi,3
dedovsk,3
iquitos,2
iwai,4
iwase,1
belogorsk,1
abeokuta,3
gelibolu,2
mardin,1
lebu,1
brookhaven,2
fermo,3
doboj,1
jabalpur,5
piqua,1
maribor,4
bajbaj,4
legionowo,1
jaciara,2
nagai,2
twinfalls,1
musashino,1
janesville,1
beira,3
tainan,5
prescot,2
lenger,2
huambo,2
kentau,3
solna,2
jaen,1
wismar,2
antananarivo,3
germantown,2
jaguaro,1
hernani,4
forbach,2
jaisalmer,2
sinanju,8
jacutinga,1
jalandhar,4
jall,1
jatani,1
pacora,1
balaguer,1
sandyhills,1
carlingford,1
southall,2
shibata,6
mingora,1
wokha,1
opelika,2
masbate,1
sanrafael,2
medan,7
pohang,2
janeng,2
newtownards,1
doetinchem,2
upington,2
herzele,2
pranburi,2
brakel,1
olsztyn,3
queenstown,1
mijas,4
cavaillon,1
jarwal,1
jasaan,1
arecibo,6
asuncin,1
scarborough,5
parang,3
kissimmee,5
salatiga,1
malang,6
rengo,3
visaginas,6
slan,8
shirdi,3
jodhpur,2
lubo,3
chiangmai,8
elmshorn,1
luau,4
limbe,5
prna,1
suita,2
hautmont,1
chilaw,2
dilbeek,2
agoura,3
pasn,2
phnompenh,5
kelo,5
raytown,2
passos,2
bradenton,3
nazca,4
jirkov,1
americus,3
sarnia,5
mihara,1
eaubonne,1
joinville,2
harstad,1
tacna,1
petrich,2
pinhais,1
miltonkeynes,2
jwad,2
eastpoint,2
bassum,2
heerde,1
westerlo,1
herborn,2
heiloo,1
jacmel,1
valjevo,2
kizel,1
varberg,3
jebba,1
pontypool,1
tejen,2
comayagua,1
albal,1
basrah,2
kakuda,2
loul,4
carcassonne,1
peto,5
mampong,3
chosica,2
fallbrook,5
aalter,1
terneuzen,1
lumberton,3
belizecity,1
kure,6
namur,1
colinas,1
llandudno,1
tamarac,1
jhol,2
villamontes,1
jhsi,1
jiangyan,1
jilin,3
kenilworth,3
risca,2
loja,5
ruston,6
tuscaloosa,2
akure,1
jincheng,2
villaregina,1
jinka,3
fujin,3
warrington,2
beltsville,2
mouscron,2
yantai,2
staveley,1
pantin,5
wolverhampton,3
gardencity,3
nacimiento,2
olecko,1
klob,6
pasto,8
loum,1
comalcalco,1
wakuya,2
jlna,2
morristown,1
cheektowaga,1
naarden,1
sangil,1
changuinola,1
hornlake,1
westmilford,2
mafraq,1
gurnee,2
southsea,3
kikwit,2
bacabal,1
uberaba,1
piedade,3
bocaraton,5
cloverleaf,5
camarillo,3
satn,2
bckn,2
wisbech,2
mwanza,4
burleson,4
veghel,1
chebba,1
mayf,2
johi,2
woodburn,4
menden,5
pasang,2
williamstown,1
framingham,2
oconomowoc,1
prilep,2
skegness,3
moirana,2
tallaght,1
yangshuo,3
mubi,3
indaiatuba,1
baras,3
jega,2
gatak,1
busan,3
carrickfergus,1
gilching,1
tabou,4
boxtel,1
veenendaal,1
wesel,2
elpalmar,1
seabra,2
arua,1
sonri,2
barroso,5
maurepas,1
mohali,3
juanju,3
jinji,3
negotin,1
kadiri,1
liloan,1
entrerios,1
khardah,2
khrn,3
glba,1
bokro,1
isleoflewis,1
elmirage,1
deeside,1
allada,1
yanta,2
tochigi,1
valinhos,1
gustavia,1
acworth,1
springhill,1
yangju,1
britz,2
sestao,1
ancud,1
castillejos,1
judita,1
heilbronn,3
lahr,3
reus,5
salvatierra,1
sancarlos,2
frenda,2
menifee,3
boiscolombes,1
pully,4
negombo,2
mathura,2
stekene,1
andenne,1
casarano,1
juwana,1
lubumbashi,1
puntagorda,1
altamura,2
villach,1
leopoldina,1
fussa,3
juliaca,1
soltau,4
kabale,1
bidos,1
negotino,1
opole,5
medak,1
wakayama,4
kourou,1
makakilo,3
kanoya,1
senaki,2
siverek,1
kairna,1
ilkal,1
karasu,4
okayama,3
tondano,1
tirunelveli,1
geita,2
tororo,3
parob,1
kashipur,1
gobindpur,1
kamenz,2
taif,2
metu,2
kolwezi,2
kanash,5
mukono,1
kabankalan,1
balanga,1
horgen,4
nandu,6
kapit,2
revda,6
rhus,2
sverdlovsk,4
barquisimeto,1
calella,4
benimellal,1
krosno,1
pavlovo,4
kashira,6
schaumburg,2
velingrad,1
nazarovo,3
nyborg,1
pirmasens,3
irbid,2
gaillimh,1
nelidovo,3
nordenham,2
teaneck,6
maryville,1
kokkola,3
katumba,5
northfield,4
jamkhandi,1
wailuku,1
kawaguchi,1
taupo,3
jayrd,1
machida,4
karaj,1
matar,3
vrangel,1
kazo,2
ktrs,2
chingola,3
tsubame,3
cheboksary,5
haverhill,2
timmins,4
magdeburg,3
kalasin,3
epworth,5
sikasso,1
aprelevka,2
oakharbor,1
kedrovka,1
gombe,1
elaz,1
trotwood,2
pveh,1
mudon,1
kawagoe,1
kenema,1
kitsuki,1
papeete,2
embu,1
falkenberg,2
cedarrapids,1
lorient,10
kestel,4
kintampo,1
bourgoin,1
tervuren,2
bendigo,2
songkhla,1
lipetsk,10
alml,2
sukkur,5
khair,2
weesp,1
omdurman,2
jessore,1
khei,1
settat,2
linyi,1
sambir,5
pinneberg,1
arrecife,2
kiliya,2
kuju,2
yonezawa,1
obihiro,1
karnobat,1
kindia,2
monastir,5
olongapo,5
palmbay,2
harar,2
sansimon,1
livny,1
oyan,2
kirovgrad,1
kirishi,1
zeytinburnu,1
kislovodsk,6
kuzminki,1
kitakami,1
kamiichi,1
lamin,3
mahd,1
banstead,3
tongshan,1
knan,1
buriram,1
saraktash,1
mekla,1
dunkwa,1
memmingen,1
buchen,2
moche,2
onitsha,2
linolakes,1
moraga,3
vitr,2
vlotho,1
laman,9
kwinana,1
rusape,1
meerane,1
santamonica,2
venceremos,2
xindi,2
ngod,1
millau,3
mutsu,1
magnitogorsk,2
pestovo,2
zawiya,1
laisla,1
konch,1
gornyak,2
volkhov,1
koppal,1
uchaly,1
romny,3
marrickville,1
kosi,4
xaixai,3
kostomuksha,1
kremenets,1
kotkapura,1
porvoo,2
kotovo,3
stakhanov,1
kovel,2
khli,1
astorga,2
cotoca,1
vrbas,1
koidu,1
minneapolis,4
sandefjord,1
luga,7
nejo,3
brokenarrow,4
shimoga,4
marrakesh,2
montera,4
brodnica,2
wola,3
aracaju,1
moshi,6
tabuk,1
lonavla,1
stanbul,3
kuks,2
nakuru,2
nashik,2
sliven,1
zarya,4
kumru,1
kabarnet,1
ibara,1
kapellen,1
pnch,3
venv,1
bielany,1
bakal,2
artashat,1
midrand,4
oyama,7
nadid,2
sandla,1
okaya,1
lagoulette,1
westhartford,1
lahn,1
jocotepec,1
finglas,2
yerky,2
nanding,1
cheraga,1
shenzhen,5
weihai,1
rodgau,1
langsa,1
vannes,2
pinole,4
vientiane,2
offenburg,2
tekeli,1
svetlograd,1
chenghua,1
madang,2
cergy,1
lackawanna,1
denpasar,3
jojutla,2
tienen,3
rezh,2
kayes,1
ozurgeti,2
juye,1
sanfelipe,1
chillum,1
shengli,1
ankeny,3
dillingen,1
lents,5
volendam,1
pugachev,4
legnano,1
sherbrooke,1
nhan,5
seremban,4
waddinxveen,1
lokeren,3
bougouni,1
palotina,1
kongsberg,1
leonovo,2
aalen,2
mitcham,8
gdll,1
mayma,5
laon,1
collegno,1
longbranch,1
molave,1
conyers,2
numata,2
yanai,1
chudovo,1
lieto,2
cruces,3
empalme,1
kondrovo,1
avenel,1
nyagan,3
envigado,1
marigot,2
timaru,1
kalundborg,1
mungia,1
linhares,2
lintong,2
bulancak,1
cardedeu,1
cahokia,4
salw,1
sikka,2
starodub,2
argentan,1
pompu,1
vilaseca,2
rouiba,1
loanda,2
sarzana,2
penco,1
aljahr,3
adapazar,2
sainterose,1
spoleto,3
rojales,1
helong,1
ndola,1
orangewalk,1
atalaia,2
lorca,5
merefa,2
kiffa,2
saronno,1
sansevero,1
skadovsk,3
tsuki,4
woonsocket,1
batonrouge,1
portsaid,2
esquina,1
campobelo,1
uvarovo,2
essaouira,1
klia,1
viana,6
portici,1
oldenburg,6
amancio,1
latakia,1
galapa,1
nanam,1
silverdale,2
arapongas,3
paita,2
zalu,1
tabora,1
marialva,1
rewri,1
mentana,1
davao,5
abtj,1
esplanada,1
beerse,1
solol,2
helmstedt,1
lyndhurst,1
sanfernando,2
brookings,1
dorsten,2
krasnoobsk,1
ribarroja,1
jinja,2
macas,2
macclesfield,1
kozan,2
choma,1
larvik,3
domodossola,3
mandl,2
malanday,1
karangasem,1
mattoon,1
youssoufia,1
sleman,1
lustenau,1
hirakata,2
morong,2
roorkee,3
mahdia,1
maicao,1
niagarafalls,1
lenexa,2
crystallake,1
limbang,1
corinto,1
viljandi,3
queencreek,1
ripollet,2
kuchera,1
kronach,1
yasuj,1
blantyre,1
beypore,1
jombang,1
paraso,3
tonota,1
jhelum,4
fuengirola,2
gisborne,1
khashuri,1
meftah,1
ulanude,5
olenegorsk,2
makoko,3
parepare,2
portoviejo,1
samtredia,1
mandera,1
riogrande,3
olching,1
senlis,5
tnan,1
acayucan,1
udachny,1
nacala,1
tettnang,1
corabia,1
motul,4
santotomas,2
dietikon,1
pinebluff,3
sanjorge,1
lamu,2
alessandria,2
sannicolas,1
wuppertal,6
princegeorge,1
sacile,1
lofthouse,1
rsta,3
eitorf,1
mariara,1
syktyvkar,3
masantol,1
mansa,1
lommel,2
honj,1
meru,4
prievidza,1
wilmslow,3
maring,3
borna,4
manzanares,1
palmela,1
rasskazovo,1
maun,2
markala,1
riesa,2
barnstaple,1
visoko,4
miraloma,2
bejucal,1
douane,1
allauch,1
vesoul,1
catanzaro,2
saintlouis,2
nabeul,1
armeria,2
kavadarci,1
kupchino,3
masvingo,1
wajir,2
blainville,1
palmsprings,1
grazhdanka,1
chimoio,1
mesagne,1
massy,7
mathba,1
gladbeck,2
kempston,1
foresthills,1
bernburg,1
katowice,3
hermanus,1
vacoas,1
pinerolo,2
biysk,2
netishyn,2
portoalegre,2
nabunturan,1
souma,1
charsadda,1
mazyr,1
mbak,4
kempen,1
mdab,2
strumica,1
krnov,1
newbern,3
navrongo,1
weirton,1
brila,1
meaux,1
iper,1
voltaredonda,1
wageningen,1
northcote,3
deoli,1
pasuruan,1
tamana,3
lacalera,1
reggiocalabria,2
castries,1
dubovka,1
annim,2
konin,1
marosi,1
yamagata,2
atamyrat,1
patern,1
vrilissia,2
kodinsk,1
menderes,1
moriyama,1
tnda,2
pyongyang,1
bellmore,2
chiautla,1
lyantor,1
kapotnya,1
kingsport,2
pittsfield,2
huesca,1
santodomingo,2
westbend,4
westmount,1
milak,2
menlopark,1
almora,1
altenburg,1
beloretsk,1
costamesa,1
malambo,1
boshan,1
dingolfing,1
maldegem,1
kraljevo,1
bergneustadt,1
dubbo,1
bermeo,1
gubkin,2
alwn,2
rostovnadonu,1
tolentino,3
weligama,1
wertheim,2
selargius,1
reigate,1
mooka,2
wejherowo,1
malyn,1
sarand,1
bugojno,1
milas,4
weiden,2
pushkar,2
kindu,1
botd,2
janakkala,1
picos,2
montmorency,1
trbovlje,1
matola,1
arpino,1
ungheni,1
missionviejo,1
khada,1
navan,1
inazawa,2
kashiwa,2
kostanay,2
blackheath,2
franconville,1
piscataway,1
stalowawola,1
maddaloni,1
nadvirna,2
okanagan,4
lemgo,1
shaping,3
nettetal,1
bridgeview,1
monsef,1
ystad,2
carora,1
christchurch,2
hadjout,1
tukwila,3
grefrath,1
brakpan,2
kyzyl,2
moquegua,1
telde,1
guben,1
chrudim,1
nyon,2
thiruvarur,1
depok,2
sanvicente,2
moppo,1
ishimbay,1
gosty,1
villahermosa,1
mafra,1
fuyu,1
nuevarosita,1
longsight,1
yumbo,3
yerbabuena,1
fremantle,1
pangar,1
simivalley,1
motru,1
obita,1
snty,1
teni,4
coram,1
drachten,1
herriman,2
uetersen,1
volla,1
agoo,1
genet,3
msila,1
castres,1
yavn,1
seluk,1
nanuet,1
muborak,1
plainfield,4
vechta,2
mumias,1
nonsan,1
oborniki,1
suceava,3
hita,3
kotelnikovo,1
murree,2
muriti,1
musoma,1
busselton,1
ostrava,5
cresthill,1
mutare,1
dahlem,2
plang,1
kisarazu,1
karbala,2
belvidere,1
batangas,1
tuxtepec,1
tsvi,1
bonao,1
cifuentes,1
kranik,2
nadym,2
ovalle,1
komaki,2
ringsted,2
zift,1
kainan,2
karatsu,1
stavanger,6
andong,1
narok,1
nartkala,2
barcelos,1
wichit,1
maroua,1
wallawalla,1
yesan,1
kurchatov,1
naas,1
talitsa,3
kalininsk,1
nattam,5
arzano,1
mokwa,3
boscoreale,1
syla,3
kitakyushu,1
invercargill,1
skopin,1
prdi,1
okegawa,1
johnstone,3
naumburg,1
lingayen,1
aurangabad,4
tepic,5
sayula,1
kobuleti,2
ndjamena,4
vlor,1
shbara,1
cobija,1
zimovniki,2
shostka,3
sciacca,2
tornio,2
recodo,1
tortosa,2
santol,2
netanya,1
overath,2
wolfsburg,3
neuulm,1
pkla,4
chiredzi,1
newportbeach,1
manacapuru,1
caet,1
nguru,1
bahjoi,1
matagalpa,1
thul,2
haninge,1
forestpark,1
kremenchuk,1
balingen,1
manavgat,1
bnka,1
kabare,2
lumut,2
altena,1
zainsk,2
gukovo,2
dour,2
cherkasy,3
hian,1
ipatinga,3
bismil,2
gifhorn,1
aversa,2
westbromwich,1
yateley,1
annau,1
sabzevar,1
hamamatsu,1
sundsvall,1
sanbruno,1
springdale,1
nonoichi,1
nouma,1
svobody,2
onex,5
noyon,1
yogyakarta,2
bhind,1
serdobsk,2
karakol,2
nordhorn,1
tumsar,1
ynmu,1
cohoes,1
bucak,1
lowerhutt,1
stellenbosch,1
oberursel,1
ukhta,2
pekanbaru,2
koforidua,1
narashi,1
toktogul,1
hennef,1
krasnoturinsk,2
youngstown,2
struga,1
donghai,1
govardhan,1
onomichi,2
swakopmund,1
schwabach,1
wako,2
turinsk,1
tarkosale,1
svalyava,1
ipatovo,1
yablonovskiy,1
rubtsovsk,2
bungoma,1
kisai,1
pehowa,1
spennymoor,1
ordu,1
qubec,1
sirte,1
mountainview,1
barueri,2
hiji,2
nsawam,1
mudanya,1
jutiapa,1
nidderau,1
kstovo,3
otofuke,1
ottaviano,1
eloued,1
burien,1
zrate,1
talagang,1
cuddapah,1
ovruch,1
ozar,1
melzo,1
maardu,1
ashtabula,1
leominster,1
paarl,3
cibolo,1
pachino,2
tulancingo,1
losaltos,2
barberton,1
menasha,1
dhing,1
buhe,1
orum,1
fredrikstad,1
zahedan,1
barreiro,1
portogruaro,1
cauquenes,1
jitra,2
hiltonheadisland,1
senftenberg,1
nacka,2
ieper,2
pergamino,1
mococa,1
sanmarcos,2
paragould,1
pedregal,1
klol,1
banbridge,1
ilhus,1
nishiwaki,1
marlia,3
brunssum,3
wollongong,2
xinghua,2
emmeloord,1
zvolen,1
albaiulia,1
rzhev,1
marfil,1
paxtakor,1
eldoret,1
saltlakecity,1
rasht,1
sanisidro,1
mpanda,1
wusong,1
kurganinsk,2
bottrop,2
motomiya,1
teziutlan,1
boppard,1
pennhills,1
penha,2
kupino,1
pessac,2
bellingham,2
etobicoke,1
sorong,2
siegburg,1
purw,1
dellys,2
sieradz,1
maxixe,2
kluang,1
caltagirone,1
karlovac,1
pirkkala,1
laukaa,1
rauma,1
gosnells,1
florissant,1
piombino,2
cabrob,1
uglich,3
buin,1
kotlovka,1
gelsenkirchen,1
plavsk,2
dyersburg,1
kulp,1
bireldjir,1
pochep,1
lakezurich,1
rieti,1
domont,1
bieru,1
enem,1
borovichi,2
mbanga,1
ponorogo,2
kokopo,1
popovo,1
adzop,1
simmerath,1
porthueneme,1
hepo,3
posadas,1
fryazino,1
sunbury,2
parbhani,1
sequeira,1
tuban,1
padam,1
moriya,3
bhola,1
portadown,1
samarinda,2
albenga,2
pasing,1
latur,1
senago,1
newalbany,1
esenler,1
lahti,2
prudnik,4
maubeuge,2
karasuk,3
lehavre,1
opladen,1
gingee,1
westchester,1
beveren,2
seriate,2
fgra,2
changchun,1
bagnolet,1
ranchocucamonga,2
palagonia,1
romblon,1
smara,5
rnia,1
huixquilucan,1
baraki,1
hede,1
marab,2
clydebank,1
khemisset,1
pailin,1
viseu,1
santateresa,3
pozzallo,1
cheria,1
coachella,1
raipur,1
silvassa,1
tirumala,2
maihar,1
rohtak,1
rampurhat,1
jagraon,1
lippstadt,1
baildon,2
shahrak,1
sampang,1
assab,1
takoradi,1
maharagama,1
bandaaceh,2
oosterhout,1
tinde,1
dawei,1
huejotzingo,1
mangai,2
sorada,1
mumbwa,1
illescas,2
sittard,2
yuncheng,1
macerata,2
jammu,2
mieres,1
gallipoli,2
kathu,1
gangtok,3
baar,1
lochearn,2
nixa,1
kimovsk,1
tuzla,1
ruybarbosa,1
subice,1
novalima,2
rheinberg,1
radebeul,3
zevenaar,1
chacao,1
mortsel,1
suvareka,1
lockport,1
sheikhupura,1
fortwayne,5
colomadu,1
verbania,1
argenteuil,1
visby,1
princealbert,1
aguadilla,1
hackensack,1
sibolga,1
kuantan,1
banjarmasin,1
ladispoli,1
rjgr,1
bhilai,1
letterkenny,1
naivasha,2
monor,2
hemet,2
beersheba,1
salor,3
chacabuco,2
santapaula,1
morshansk,1
bellshill,1
agrigento,2
lishu,1
wadowice,2
rockledge,1
berkhamsted,1
mishawaka,1
asheboro,1
tupaciguara,1
giovinazzo,1
belpasso,1
kathua,1
cestas,1
camanducaia,1
zwolle,5
rnvv,1
bucharest,1
rvar,1
hinesville,1
obando,1
chatsworth,1
jaguaruana,1
ropar,1
viersen,1
sandyford,1
golyanovo,1
satumare,2
egra,1
blitar,1
rpar,2
embi,1
richr,1
hardenberg,1
dumba,2
kirksville,1
ponferrada,1
sarandi,1
guisa,2
cuttack,4
rijswijk,1
onalaska,1
kehl,1
grenchen,1
basauri,1
kibondo,1
hollysprings,1
collegepark,1
sunan,3
ryton,1
rylsk,1
arys,1
kondopoga,1
jember,1
ueda,2
sagh,1
osmanabad,1
coimbatore,2
saintpaul,2
volgorechensk,1
soroti,1
bnsi,2
sanramon,4
verval,1
banmai,1
civitavecchia,1
thorold,1
yomra,1
tyrnyauz,1
sampit,2
katihar,1
delcity,1
silverlake,2
sanbernardino,2
sandnes,1
rovereto,1
santarita,1
tokuyama,1
suisan,1
yoshikawa,2
tanza,1
mallaw,1
vilareal,1
kendari,1
vavuniya,1
lagomera,1
jeypore,1
sivakasi,1
aluva,1
geraldton,1
riorico,1
maplevalley,1
elkgrove,2
sayville,1
ktou,1
ezine,1
llucmajor,1
lohne,1
sosnogorsk,2
glck,1
frascati,1
yablo,1
hopatcong,1
koml,1
amla,2
arcore,1
luocheng,1
suhl,1
walsrode,1
kidsgrove,1
landerneau,1
courbevoie,1
huatabampo,1
daitch,1
polokwane,1
hazeldell,1
straubing,1
narra,1
fayetteville,1
sepuka,1
donantonio,2
soro,5
fortwaltonbeach,1
rostokino,1
katavivanovsk,1
serrana,1
iztapalapa,2
silivri,1
havza,1
bellary,1
stokeontrent,1
phalaborwa,1
malazgirt,1
mpwapwa,1
reedley,1
renningen,1
guane,1
gjilan,1
miyah,2
yono,1
tullahoma,1
takanabe,1
aaraf,1
shalkar,1
villupuram,1
shiwan,1
scele,1
culvercity,1
mwadui,1
medvedevo,1
morozovsk,1
shelekhov,1
zele,1
masasi,1
centerpoint,1
khatauli,1
shinj,1
shiqi,1
xiaoshi,1
raisio,1
upperhutt,1
formigine,1
khammam,1
volokolamsk,1
chigasaki,1
boryslav,1
lohmar,1
lavictoria,1
tualatin,2
srat,3
silopi,1
hotsprings,1
cajamarca,2
islington,1
lospalos,1
boyabat,1
wieliczka,1
palmharbor,1
monrepos,1
tolyatti,1
jacaltenango,1
kangayam,1
orcutt,1
poggibonsi,2
calatagan,1
khst,1
peterhof,1
coloradosprings,2
yurga,1
kaarst,1
tangub,1
lapai,1
rhondda,2
anyang,2
lysva,1
pundong,1
ohrid,1
marilao,1
yauco,1
cahul,1
fossurmer,1
bemowo,1
catarroja,1
mosbach,1
betl,1
sragen,2
giero,1
mogadishu,2
eljem,1
lianozovo,1
shabqadar,1
diredawa,1
yongpeng,1
lindlar,2
kandalaksha,1
lalaja,1
yima,1
streetsboro,1
lutsk,2
karabash,1
sprti,1
thika,1
springvalley,1
scandicci,1
isser,2
konnagar,2
evergem,1
virovitica,2
bogor,1
talisay,1
curug,1
seram,1
snellville,1
mountlebanon,1
coln,2
nuevitas,1
stcatharines,2
bredbury,1
teapa,1
pitanga,1
kabanovo,1
northbrook,1
azrou,1
matteson,1
salekhard,1
vose,1
veendam,3
sandh,2
wenzhou,1
culleredo,1
sinnar,2
strakonice,1
snezhinsk,1
ellensburg,1
volzhsk,1
plaridel,1
tortona,1
meulaboh,1
sumber,1
kameyama,1
magalang,1
kediri,3
wonosobo,1
sukhothai,1
mataram,1
sollentuna,1
balen,1
glassboro,1
bangkalan,1
perthamboy,1
dapitan,1
rayleigh,1
texarkana,1
mildura,1
msaken,1
puntacana,1
maidstone,2
meads,3
wuchang,1
huntingtonbeach,1
guaiba,1
danapoint,1
kankakee,1
terrehaute,1
clitheroe,2
cikarang,1
kimitsu,1
hangzhou,1
tiangu,1
crestview,1
tokr,1
kibara,1
alpur,1
gombong,1
pisz,1
singur,1
tabas,1
tabira,1
tenri,1
gongju,1
tagas,1
karow,1
tahe,4
tahoua,1
jandira,2
iwade,1
druten,1
yamaguchi,2
hirado,1
takb,1
ahlat,1
chernogolovka,1
yutan,1
tanggu,1
lobnya,3
czyca,1
lopburi,1
tarma,1
cananea,1
portel,1
melenki,1
tatvan,1
kulai,1
albstadt,1
chomutov,1
eastridge,1
tzaneen,1
yaransk,1
takaoka,2
templin,1
castlewood,1
hoji,1
terlizzi,1
atkarsk,1
weinheim,1
aguadulce,1
sanangelo,1
binmaley,1
thabo,2
santacatarina,1
yehud,1
doisvizinhos,1
ilhasolteira,1
nanuque,1
nakhonnayok,1
porangatu,1
dimpur,1
catanduva,1
campogrande,1
cruzeirodosul,1
ramsbottom,1
depere,1
navolato,1
chios,1
cleckheaton,1
palmares,1
lelystad,1
shambu,1
vacaria,1
belas,1
balad,1
medemblik,1
hwange,1
tuttlingen,1
demak,1
tiznit,1
beaverdam,1
prnu,1
whitstable,1
cambre,1
koskie,1
haugesund,1
ubat,1
yaren,2
actopan,1
waregem,1
tomau,1
earlwood,1
tooele,1
erding,1
elcentro,1
eibar,1
mayenne,1
touba,1
iwakura,1
zossen,1
olho,1
trani,1
bedworth,1
trentoladucenta,1
portofspain,1
mairwa,1
vellore,1
gibara,1
babaeski,1
elst,1
sadao,1
longquan,1
bideford,1
tupiza,1
elbasan,1
tuenmun,1
beibei,1
guacara,1
tupi,1
tandil,1
cheonan,1
kyab,1
leusden,3
illingen,1
zhongshan,1
canidelo,1
trutnov,1
fokino,1
paolovi,1
mogok,1
radeberg,1
svetogorsk,1
uzgen,1
pantelimon,1
basotu,1
valenza,1
kaolack,1
okhtyrka,1
dendermonde,1
vapi,1
larkhall,1
cerquilho,1
okha,2
shiroi,1
komsomolsk,1
petrodvorets,1
elektrogorsk,1
elektrostal,1
viamo,1
vichuga,2
laksar,1
vilafrancadexira,1
villaverde,1
ehingen,1
kriel,1
winsen,1
bbai,1
zhlobin,1
vitria,1
vitrolles,1
kashimashi,1
murici,1
vyazma,1
uryupinsk,1
rossosh,1
beckum,1
tomilino,1
sergach,1
poso,1
krasnoznamensk,1
ibeto,1
taurage,1
sabh,1
talja,1
yuci,1
ahaus,1
sisak,1
waldkirch,1
alfenas,1
attendorn,1
raymore,1
saulgau,1
prenzlau,1
pearlriver,1
northallerton,1
kirkcaldy,1
comonfort,1
claremore,1
isahaya,1
singosari,1
puteaux,1
twinsburg,1
northridge,1
statesboro,1
bryanka,1
ossining,1
bognorregis,1
xamaz,1
phek,1
xanten,1
rakovski,1
changling,1
kuov,1
millerovo,1
xucheng,1
molepolole,1
prestatyn,1
yoshkarola,1
amarpur,1
lubu,1
yangzhou,2
hsinchu,1
yiyang,1
jaffna,1
udomlya,1
maubin,1
lancy,1
kudepsta,1
nukus,1
lozova,1
unecha,1
pruzhany,1
saintkilda,1
buturlinovka,1
kadugli,1
espoo,1
kheda,1
sarstedt,1
cloppenburg,2
zibo,1
ondo,1
masindi,1
renens,1
strausberg,1
pori,1
sertolovo,1
pszczyna,1
qarshi,1
aveiro,1
