love,5067
jessie,875
friends,688
luther,285
honey,795
bones,420
chelsea,2046
dexter,871
rock,1189
velvet,280
sammy,1390
ribbit,68
fried,30
tarzan,354
home,765
skins,119
flubber,58
lost,346
annie,501
blow,212
easy,319
flicka,33
slam,131
rosewood,61
twilight,291
pandora,515
reign,19
grease,113
gotham,75
mulan,16
anastasia,284
arrow,210
scream,245
tramps,21
paulie,119
larva,9
glee,15
sherlock,280
touch,75
aquarius,195
fearless,89
dope,82
flaked,2
bloodline,10
charmed,226
mrmagoo,26
scoobydoo,109
revenge,174
naruto,987
beemovie,4
sense,56
worms,80
weeds,44
bitten,18
fantasia,88
antz,8
pocoyo,4
newgirl,10
balto,25
criminalminds,1
catsdogs,27
quantico,10
lastmanstanding,1
gossipgirl,13
corpsebride,1
crazyhead,1
deathnote,83
prisonbreak,19
stepup,20
supernatural,53
lietome,14
thefall,10
lovesick,21
angrybirds,1
animaniacs,2
blankcheck,3
lazyeye,6
madmen,11
theflash,41
travelers,7
whitegirl,8
greenleaf,8
familyguy,47
metros,27
happilymarried,1
merl,23
paddington,6
batched,5
sandcastle,4
rectify,10
drugs,31
ingobernable,1
scandal,31
brotherbear,2
whitechicks,3
bluebloods,1
bobthebuilder,8
onceuponatime,1
minions,5
onetreehill,8
coraline,5
ncis,4
greysanatomy,2
babydaddy,4
maxsteel,8
leverage,22
meangirls,2
narcos,5
starstruck,4
goosebumps,4
comeflywithme,4
nancydrew,3
safehaven,2
coolrunnings,1
burnnotice,2
thatsshow,1
chickenrun,1
thebatman,3
justiceleague,1
californication,2
pupstar,1
thewalkingdead,2
limitless,2
kungfupanda,3
yellowbird,3
curiousgeorge,1
batesmotel,4
heartland,7
thevampirediaries,2
thelword,1
longmire,1
underdogs,2
hatched,1
chickenlittle,2
thehunter,2
breakingbad,2
chewinggum,1
bordertown,1
theoa,2
thedeep,1
bunks,1
thebfg,1
